Ticker,Name,Sector,Industry,Score,Action,Composite_Flag,Moat_Score,Moat_Label,Price,Analyst_Target,Analyst_Upside,Analyst_Count,Mkt_Cap,PE_Fwd,PS,PB,PEG,EV_EBITDA,ROE,Rev_Growth,Rev_Growth_Prev,Gross_Margin,Op_Margin,Profit_Margin,FCF_Yield,EPS_Growth,EPS_Surprise,From_Low_Pct,From_High_Pct,Debt_Equity,Beta,Short_Float,Inst_Own,Insider_Buy_Pct,Div_Yield,Payout_Ratio,ROA,Current_Ratio,MA200,Vs_MA200
PDD,PDD Holdings Inc.,Consumer Cyclical,Internet Retail,78.3,STRONG BUY,⭐ Compounder · 💎 Deep Value · 📈 Analyst Conviction,84.0,Wide,103.73,149.39,44.02,35.0,$147.3B,8.29,0.35,2.54,0.48,1.8,31.0,9.0,-5.99,56.65,23.11,24.44,59.39,17.4,,19.08,-25.59,0.03,-0.01,3.35,33.02,,,,10.7,2.35,116.09,-10.65
KGC,Kinross Gold Corporation,Basic Materials,Gold,78.0,STRONG BUY,⭐ Compounder · 🚀 Accel Growth · 💎 Deep Value · 💰 Income,86.0,Wide,36.99,39.98,8.08,11.0,$44.6B,11.9,6.33,5.17,0.05,10.35,31.0,42.9,20.34,66.72,49.17,33.9,5.39,228.9,,254.99,-5.42,0.09,1.26,,66.21,,36.0,6.41,16.71,2.35,23.55,57.07
TSM,Taiwan Semiconductor Manufactur,Technology,Semiconductors,77.5,BUY,⭐ Compounder · 💎 Deep Value · 💰 Income,85.0,Wide,374.58,421.49,12.52,18.0,$1.9T,20.84,0.51,56.06,0.6,2.97,35.0,20.5,17.95,59.89,53.92,45.1,33.12,35.0,,179.02,-4.01,0.2,1.27,0.38,15.79,,94.0,28.73,16.56,2.62,273.34,37.04
NVDA,NVIDIA Corporation,Technology,Semiconductors,77.2,BUY,🚀 Accel Growth · 📈 Analyst Conviction · ⚠️ High Beta,84.5,Wide,177.19,263.39,48.65,58.0,$4.3T,16.62,19.94,27.38,0.18,31.93,101.0,73.2,29.38,71.07,65.02,55.6,1.35,94.5,,104.56,-16.49,0.07,2.31,1.09,69.65,100.0,2.0,0.82,51.19,3.9,174.96,1.27
GEN,Gen Digital Inc.,Technology,Software - Infrastructure,74.8,BUY,💎 Deep Value · ⚠️ High Leverage,76.5,Wide,22.57,32.55,44.22,10.0,$13.9B,7.86,2.94,5.87,0.38,10.69,27.0,25.8,20.79,78.84,35.81,12.76,9.46,20.8,,5.81,-29.95,3.63,1.1,4.71,90.75,100.0,222.0,51.55,7.17,0.47,27.72,-18.58
APAM,Artisan Partners Asset Manageme,Financial Services,Asset Management,74.1,BUY,⭐ Compounder · 💎 Deep Value · 💰 Income,76.5,Wide,40.28,42.75,6.13,4.0,$2.8B,9.37,2.37,6.47,0.26,7.92,49.0,12.9,-4.81,45.75,39.2,24.26,6.81,36.0,,22.99,-16.95,0.4,1.76,12.8,94.98,100.0,819.0,77.28,15.63,3.24,43.81,-8.06
QLYS,"Qualys, Inc.",Technology,Software - Infrastructure,74.1,BUY,⭐ Compounder · 💎 Deep Value · 📈 Analyst Conviction · ⚠️ Below 200 DMA,92.5,Wide,92.47,138.53,49.81,19.0,$3.3B,11.59,4.99,5.89,0.55,12.29,38.0,10.1,3.06,82.85,33.57,29.64,7.76,20.9,,8.61,-40.52,0.09,0.57,11.84,103.85,100.0,,,13.41,1.41,133.7,-30.84
AVGO,Broadcom Inc.,Technology,Semiconductors,74.1,BUY,📈 Analyst Conviction,72.5,Narrow,319.55,455.1,42.42,45.0,$1.5T,22.01,23.71,5.4,0.13,4.59,31.0,16.4,6.95,77.33,31.76,36.2,1.65,172.7,,131.39,-22.93,1.66,1.22,1.19,79.28,100.0,81.0,49.48,9.79,1.71,318.42,0.35
ADBE,Adobe Inc.,Technology,Software - Application,73.8,BUY,⭐ Compounder · 💎 Deep Value · 📈 Analyst Conviction · ⚠️ Below 200 DMA,91.0,Wide,262.41,408.47,55.66,33.0,$109.8B,9.94,4.62,9.32,0.97,11.66,55.0,10.5,4.8,89.27,36.5,30.0,8.02,10.3,,7.42,-42.11,0.57,1.51,3.02,86.95,100.0,,,18.22,1.0,346.39,-24.24
AU,AngloGold Ashanti PLC,Basic Materials,Gold,73.5,BUY,🚀 Accel Growth · 💎 Deep Value · 💰 Income,78.0,Wide,127.77,122.0,-4.52,7.0,$64.5B,14.16,6.52,7.98,0.17,12.79,34.0,75.3,39.71,49.27,47.16,26.65,3.32,81.9,,336.37,-0.6,0.23,0.62,1.15,81.48,95.0,333.0,48.65,18.69,2.87,70.76,80.57
PCTY,Paylocity Holding Corporation,Technology,Software - Application,73.4,BUY,⭐ Compounder · 🚀 Accel Growth · 💎 Deep Value · 📈 Analyst Conviction · ⚠️ Below 200 DMA,65.0,Narrow,106.49,170.38,60.0,21.0,$5.8B,12.77,3.45,5.22,0.09,14.7,21.0,28.2,-10.2,69.14,5.43,14.19,6.48,140.1,,5.96,-49.37,0.14,0.55,4.77,82.26,100.0,,,3.46,1.04,160.54,-33.67
HIG,"The Hartford Insurance Group, I",Financial Services,Insurance - Diversified,73.3,BUY,⭐ Compounder · 💎 Deep Value · 💰 Income,72.5,Narrow,140.83,150.85,7.11,20.0,$39.3B,9.72,1.38,2.09,0.3,7.5,22.0,6.7,2.56,37.43,20.02,13.52,14.8,32.6,,31.02,-2.54,0.24,0.6,2.76,95.57,100.0,170.0,16.22,3.72,1.84,131.02,7.49
CF,"CF Industries Holdings, Inc.",Basic Materials,Agricultural Inputs,73.2,BUY,⭐ Compounder · 💎 Deep Value · 💰 Income,77.0,Wide,99.54,96.68,-2.87,19.0,$16.1B,14.27,2.28,3.16,0.62,6.14,23.0,22.8,24.02,38.45,35.31,20.54,8.11,23.2,,47.82,-5.44,0.47,0.69,8.66,106.5,100.0,201.0,24.18,10.62,3.37,87.76,13.42
PAGS,PagSeguro Digital Ltd.,Technology,Software - Infrastructure,72.8,BUY,💰 Income,69.5,Narrow,10.61,12.8,20.64,14.0,$3.1B,6.35,0.16,1.07,1.44,0.43,15.0,4.5,-2.23,50.04,38.37,11.35,143.16,4.4,,58.36,-13.88,0.18,1.37,12.48,66.0,,132.0,10.89,6.33,1.42,9.53,11.33
ZM,"Zoom Communications, Inc.",Technology,Software - Application,72.7,BUY,💎 Deep Value · 📈 Analyst Conviction,82.0,Wide,73.94,97.48,31.84,27.0,$22.1B,12.1,4.55,2.23,0.15,11.25,20.0,5.3,2.79,77.02,20.04,39.03,8.95,83.2,,14.8,-24.23,0.0,0.9,2.31,78.89,100.0,,,6.12,4.33,82.19,-10.04
RGA,"Reinsurance Group of America, I",Financial Services,Insurance - Reinsurance,72.3,BUY,🚀 Accel Growth · 💎 Deep Value · 💰 Income,39.0,Weak,215.73,246.78,14.39,9.0,$14.2B,7.53,0.6,1.05,0.04,7.92,10.0,26.6,6.93,13.67,9.16,4.99,12.7,212.8,,35.47,-5.88,0.42,0.51,6.04,99.46,100.0,172.0,20.58,0.87,1.26,196.9,9.56
KFY,Korn Ferry,Industrials,Staffing & Employment Services,72.0,BUY,💎 Deep Value · 💰 Income,45.5,Weak,62.67,80.25,28.05,4.0,$3.3B,10.93,1.17,1.67,0.57,7.46,14.0,7.0,5.77,24.69,13.17,9.31,7.95,19.1,,6.31,-20.17,0.28,1.31,3.86,100.46,100.0,306.0,36.86,6.1,2.14,69.16,-9.38
COLL,"Collegium Pharmaceutical, Inc.",Healthcare,Drug Manufacturers - Specialty & Generic,71.9,BUY,💎 Deep Value · ⚠️ High Leverage,73.2,Narrow,41.67,53.83,29.18,6.0,$1.3B,5.94,1.69,4.38,0.17,4.63,24.0,12.9,3.33,87.78,22.91,8.05,20.53,35.3,,79.38,-17.95,3.1,,18.08,122.97,100.0,,,6.72,1.57,38.38,8.57
PRGS,Progress Software Corporation,Technology,Software - Infrastructure,71.8,BUY,🚀 Accel Growth · ⚠️ High Leverage,66.5,Narrow,41.88,65.5,56.4,6.0,$1.8B,7.03,1.84,3.71,0.0,9.5,16.0,17.5,4.95,85.03,17.19,7.48,12.42,2144.6,,21.15,-36.06,2.99,0.58,13.66,111.7,100.0,,,4.38,0.49,47.03,-10.95
LLY,Eli Lilly and Company,Healthcare,Drug Manufacturers - General,71.6,BUY,—,76.5,Wide,1051.99,1214.34,15.43,29.0,$992.4B,25.07,15.23,35.47,0.5,30.81,101.0,42.6,38.28,83.04,44.9,31.67,0.2,50.5,,68.65,-7.23,1.65,0.39,0.75,84.67,100.0,59.0,26.14,19.42,1.58,874.43,20.31
FHI,"Federated Hermes, Inc.",Financial Services,Asset Management,71.2,BUY,💰 Income,88.2,Wide,56.01,54.71,-2.32,7.0,$4.3B,9.76,2.41,3.45,0.37,7.13,34.0,13.7,0.04,67.92,28.08,22.4,,26.4,,59.8,-2.11,0.28,0.72,4.36,91.32,100.0,243.0,25.93,14.89,2.75,50.02,11.98
MSFT,Microsoft Corporation,Technology,Software - Infrastructure,71.2,BUY,📈 Analyst Conviction · 💰 Income,75.0,Wide,392.74,596.0,51.75,53.0,$2.9T,20.84,9.56,7.46,0.35,16.83,34.0,16.7,10.86,68.59,47.09,39.04,1.84,59.5,,13.91,-29.29,0.32,1.08,0.76,75.86,100.0,93.0,21.28,14.86,1.39,485.76,-19.15
ALSN,"Allison Transmission Holdings, ",Consumer Cyclical,Auto Parts,71.0,BUY,🚀 Accel Growth · 💎 Deep Value · ⚠️ High Leverage,70.0,Narrow,125.3,126.7,1.12,10.0,$10.4B,10.77,3.46,20.1,0.11,12.16,35.0,20.4,-9.53,48.6,27.33,20.7,4.48,96.7,,64.85,-0.8,3.96,0.98,3.85,104.18,100.0,86.0,14.73,10.01,4.85,94.94,31.98
CTSH,Cognizant Technology Solutions ,Technology,Information Technology Services,71.0,BUY,💎 Deep Value · 📈 Analyst Conviction · 💰 Income,57.5,Narrow,64.43,90.2,40.0,25.0,$31.1B,10.47,1.47,2.06,0.56,7.84,15.0,4.9,5.87,33.72,16.0,10.56,6.2,18.7,,7.31,-25.97,0.08,0.96,8.15,104.66,100.0,205.0,27.19,10.23,2.14,75.21,-14.33
ESCA,"Escalade, Incorporated",Consumer Cyclical,Leisure,70.6,BUY,💎 Deep Value · 💰 Income,40.5,Weak,14.4,20.0,38.89,1.0,$199M,7.35,0.83,1.14,0.2,8.62,8.0,-2.2,-15.03,26.92,8.24,5.7,10.36,37.1,,26.21,-15.24,0.11,,1.84,30.72,100.0,423.0,65.22,5.22,4.28,13.25,8.68
GOOGL,Alphabet Inc.,Communication Services,Internet Content & Information,70.5,BUY,💰 Income,82.5,Wide,311.76,376.86,20.88,56.0,$3.8T,23.24,9.36,9.08,0.78,24.71,36.0,18.0,13.42,59.65,31.57,32.81,1.01,29.8,,121.85,-10.67,0.16,1.09,1.26,80.77,100.0,27.0,7.68,15.43,2.0,249.6,24.9
UVE,UNIVERSAL INSURANCE HOLDINGS IN,Financial Services,Insurance - Property & Casualty,70.4,BUY,💰 Income,62.4,Narrow,35.17,40.0,13.73,1.0,$996M,8.79,0.62,1.79,0.01,2.71,40.0,6.0,3.98,22.93,22.08,11.41,,1006.5,,73.08,-1.87,0.18,0.7,2.18,73.87,100.0,182.0,15.09,5.49,0.5,28.57,23.1
MU,"Micron Technology, Inc.",Technology,Semiconductors,70.3,BUY,🚀 Accel Growth · 💰 Income,63.5,Narrow,412.37,390.9,-5.21,39.0,$464.1B,9.26,10.97,7.9,0.05,20.97,23.0,56.7,40.51,45.31,44.97,28.15,0.1,180.2,,570.08,-9.47,0.21,1.5,2.75,82.21,100.0,11.0,4.37,10.93,2.46,207.79,98.46
EXEL,"Exelixis, Inc.",Healthcare,Biotechnology,70.0,BUY,⭐ Compounder · 💎 Deep Value,95.5,Wide,44.06,47.17,7.06,18.0,$11.8B,11.03,5.09,5.35,0.15,11.48,36.0,5.6,7.62,96.39,39.41,33.73,5.34,74.8,,36.07,-11.21,0.09,0.42,15.51,103.07,100.0,,,19.26,3.56,41.7,5.66
HRMY,"Harmony Biosciences Holdings, I",Healthcare,Biotechnology,70.0,BUY,⭐ Compounder · 🚀 Accel Growth · ⚠️ High Short,85.5,Wide,28.54,42.0,47.16,11.0,$1.6B,4.93,1.89,1.89,,4.47,21.0,21.1,-0.39,77.16,15.82,18.27,12.86,-54.6,,11.83,-30.17,0.19,0.84,20.52,90.97,100.0,,,11.48,3.6,34.06,-16.21
UHS,"Universal Health Services, Inc.",Healthcare,Medical Care Facilities,69.9,BUY,⭐ Compounder · 💎 Deep Value · 💰 Income,60.5,Narrow,206.1,251.76,22.15,17.0,$13.1B,8.16,0.76,1.73,0.24,6.79,21.0,9.1,4.13,43.89,11.53,8.57,4.31,34.2,,35.3,-16.33,0.7,1.27,5.04,97.44,100.0,39.0,3.81,8.31,1.05,200.27,2.91
CRCT,"Cricut, Inc.",Technology,Computer Hardware,69.8,BUY,💎 Deep Value · 💰 Income · ⚠️ Below 200 DMA,69.0,Narrow,4.3,3.33,-22.56,3.0,$914M,25.75,1.28,2.55,0.33,7.16,19.0,1.5,-17.77,54.3,13.29,11.31,19.73,78.6,,9.14,-41.34,0.03,0.09,12.56,58.9,100.0,464.0,54.05,9.91,2.36,5.45,-21.1
NEWT,"NewtekOne, Inc.",Financial Services,Banks - Regional,69.6,BUY,—,57.6,Narrow,12.28,17.0,38.44,5.0,$355M,4.93,0.93,1.01,0.75,4.74,17.0,3.0,-6.66,85.25,55.59,15.79,,6.6,,34.65,-17.64,2.07,1.31,9.84,51.48,100.0,618.0,33.93,5.13,56.84,11.67,5.23
RNR,RenaissanceRe Holdings Ltd.,Financial Services,Insurance - Reinsurance,69.6,BUY,🚀 Accel Growth · 💰 Income,62.0,Narrow,302.46,314.47,3.97,15.0,$13.2B,7.3,1.02,1.22,,-1.78,20.0,27.6,-7.73,36.5,43.68,20.85,-111.78,,,38.11,-4.25,0.13,0.23,2.43,99.82,100.0,54.0,2.86,4.96,3.08,258.0,17.23
CDE,"Coeur Mining, Inc.",Basic Materials,Gold,69.6,BUY,🚀 Accel Growth,74.0,Narrow,27.15,27.14,-0.04,7.0,$17.4B,12.9,8.42,5.26,0.03,17.05,26.0,120.9,54.02,54.82,50.62,28.3,2.22,467.9,,492.79,-2.23,0.11,1.22,13.33,87.11,100.0,,,13.22,2.47,15.28,77.68
ENVA,"Enova International, Inc.",Financial Services,Credit Services,69.6,BUY,🚀 Accel Growth · ⚠️ High Leverage,65.3,Narrow,139.05,193.71,39.31,7.0,$3.4B,7.6,2.31,2.57,0.32,,24.0,22.9,4.73,82.68,23.64,20.68,,24.0,,75.11,-21.3,3.39,1.21,10.0,95.15,100.0,,,5.26,19.33,124.6,11.6
GDDY,GoDaddy Inc.,Technology,Software - Infrastructure,69.4,BUY,💎 Deep Value · ⚠️ High Leverage · ⚠️ Below 200 DMA,80.5,Wide,87.16,124.79,43.17,14.0,$12.1B,6.66,2.44,54.61,0.28,11.44,193.0,6.8,2.1,63.61,25.14,17.67,10.84,23.4,,19.3,-54.97,17.96,0.93,6.11,103.73,100.0,,,8.75,0.61,140.15,-37.81
SNX,TD SYNNEX Corporation,Technology,Electronics & Computer Distribution,69.3,BUY,💎 Deep Value · 💰 Income,30.5,None,156.81,179.73,14.62,11.0,$12.7B,9.75,0.2,1.49,0.35,8.33,10.0,9.7,7.7,6.99,2.31,1.32,10.55,27.5,,70.02,-10.68,0.6,1.37,2.13,92.16,100.0,122.0,17.69,2.76,1.21,147.75,6.13
APP,Applovin Corporation,Communication Services,Advertising Agencies,69.0,BUY,🚀 Accel Growth · 📈 Analyst Conviction · ⚠️ High Beta,76.0,Wide,434.77,660.11,51.83,28.0,$146.9B,21.85,26.81,68.9,0.26,34.58,213.0,65.9,-5.32,87.86,76.92,60.83,1.84,84.0,,116.84,-41.69,1.72,2.49,4.91,81.14,100.0,,,39.53,3.32,508.52,-14.5
AXS,Axis Capital Holdings Limited,Financial Services,Insurance - Specialty,68.8,BUY,🚀 Accel Growth · 💰 Income,47.6,Weak,105.72,123.64,16.95,11.0,$8.3B,7.28,1.26,1.35,,6.11,16.0,17.8,-2.81,32.58,20.19,15.37,,-1.4,,24.66,-4.19,0.23,0.62,1.19,95.34,100.0,166.0,14.25,2.66,0.69,99.84,5.89
CRM,"Salesforce, Inc.",Technology,Software - Application,68.5,BUY,💎 Deep Value · 📈 Analyst Conviction · 💰 Income · ⚠️ Below 200 DMA,70.5,Narrow,194.79,283.56,45.57,52.0,$185.4B,13.08,4.47,3.08,0.95,15.12,12.0,12.1,2.43,77.68,19.24,17.96,9.09,13.8,,11.58,-35.73,0.29,1.28,2.1,84.25,100.0,90.0,22.0,5.18,0.76,247.17,-21.19
CHKP,Check Point Software Technologi,Technology,Software - Infrastructure,68.4,BUY,⭐ Compounder · 💎 Deep Value · 📈 Analyst Conviction · ⚠️ Below 200 DMA,82.0,Wide,152.07,204.61,34.55,29.0,$16.3B,13.19,5.99,5.63,0.72,17.03,37.0,5.9,-5.47,87.92,31.27,38.78,4.08,18.3,,1.27,-35.11,0.68,0.6,6.69,77.44,,,,7.66,2.05,197.44,-22.98
IBM,International Business Machines,Technology,Information Technology Services,68.4,BUY,💎 Deep Value · 📈 Analyst Conviction,67.5,Narrow,240.21,321.95,34.03,19.0,$224.5B,17.9,3.32,6.89,0.19,17.1,35.0,12.2,-3.28,58.19,24.77,15.69,5.86,92.2,,11.99,-26.07,1.97,0.69,2.34,65.67,100.0,280.0,60.23,5.44,0.96,279.97,-14.2
NTAP,"NetApp, Inc.",Technology,Software - Infrastructure,68.3,BUY,💎 Deep Value,81.6,Wide,99.03,119.5,20.67,16.0,$19.8B,11.59,2.95,16.93,0.99,10.97,113.0,4.4,-5.0,70.46,25.16,18.07,5.98,11.7,,37.85,-21.81,2.15,,10.73,101.77,100.0,210.0,36.24,10.27,1.39,109.02,-9.16
DBD,Diebold Nixdorf Incorporated,Technology,Software - Application,68.3,BUY,💎 Deep Value,38.0,Weak,80.0,96.67,20.84,3.0,$2.9B,11.91,0.75,2.57,0.02,7.75,10.0,11.7,12.38,26.37,11.57,2.49,10.53,785.7,,129.39,-5.28,0.99,1.55,4.8,104.36,100.0,,,5.68,1.3,61.4,30.29
PLTR,Palantir Technologies Inc.,Technology,Software - Infrastructure,68.2,BUY,🚀 Accel Growth · 📈 Analyst Conviction,74.0,Narrow,137.19,184.49,34.48,26.0,$328.1B,74.23,73.31,44.41,0.11,223.08,26.0,70.0,33.63,82.37,40.9,36.31,0.38,670.4,,107.49,-33.89,0.03,1.69,2.35,61.73,100.0,,,11.6,7.11,161.5,-15.05
SU,Suncor Energy  Inc.,Energy,Oil & Gas Integrated,68.2,BUY,💎 Deep Value · 💰 Income,65.0,Narrow,56.52,51.38,-9.09,3.0,$68.4B,16.93,1.4,2.04,0.21,5.01,13.0,-3.9,-6.65,59.08,15.73,12.1,9.32,80.4,,83.57,-1.07,0.32,0.75,,72.16,100.0,310.0,47.63,5.62,1.39,42.64,32.55
QUAD,"Quad Graphics, Inc",Industrials,Specialty Business Services,68.1,BUY,💎 Deep Value · ⚠️ High Leverage,39.0,Weak,6.91,9.9,43.27,2.0,$352M,5.27,0.15,2.73,0.04,4.05,30.0,-11.0,-19.27,21.62,3.66,1.12,3.77,136.2,,53.56,-8.36,3.46,1.1,5.16,56.55,100.0,579.0,65.48,5.13,0.86,6.02,14.78
IMKTA,"Ingles Markets, Incorporated",Consumer Defensive,Grocery Stores,68.0,BUY,💎 Deep Value · 💰 Income,35.0,Weak,85.1,,,,$1.6B,18.11,0.3,0.99,0.26,6.76,6.0,6.6,2.79,24.04,3.24,1.76,6.68,69.6,,44.43,-5.96,0.33,0.77,9.22,94.86,100.0,78.0,13.17,3.53,3.36,69.99,21.59
BR,"Broadridge Financial Solutions,",Technology,Information Technology Services,67.9,BUY,💎 Deep Value · 💰 Income,57.0,Narrow,185.87,245.88,32.29,8.0,$21.7B,17.96,3.02,7.53,0.18,14.19,42.0,7.8,-12.27,31.22,12.02,14.86,5.51,99.9,,13.54,-31.64,1.17,0.98,2.62,95.01,100.0,210.0,41.04,9.18,0.97,230.88,-19.49
DOCU,"DocuSign, Inc.",Technology,Software - Application,67.9,BUY,💎 Deep Value · 📈 Analyst Conviction · ⚠️ Below 200 DMA,69.5,Narrow,45.07,78.28,73.69,18.0,$9.0B,10.95,2.86,4.56,0.32,26.19,15.0,8.4,3.14,79.5,10.43,9.57,13.02,34.1,,12.23,-52.39,0.08,1.01,9.19,86.48,100.0,,,4.38,0.73,70.82,-36.36
PYPL,"PayPal Holdings, Inc.",Financial Services,Credit Services,67.5,BUY,⭐ Compounder · 💎 Deep Value · 💰 Income · ⚠️ Below 200 DMA,61.0,Narrow,46.21,51.91,12.33,32.0,$43.2B,7.95,1.3,2.1,0.28,6.68,26.0,3.7,8.03,41.48,17.49,15.78,7.57,28.2,,20.15,-41.87,0.61,1.42,5.63,82.17,100.0,121.0,2.59,4.88,1.29,64.98,-28.89
PAYX,"Paychex, Inc.",Technology,Software - Application,67.5,BUY,🚀 Accel Growth · 📈 Analyst Conviction · 💰 Income · ⚠️ Below 200 DMA,83.5,Wide,93.65,119.07,27.14,15.0,$33.6B,15.85,5.57,8.66,,12.95,41.0,18.3,2.05,73.36,41.67,26.45,6.12,-4.4,,7.78,-41.92,1.3,0.89,6.27,84.62,100.0,461.0,95.48,11.64,1.26,127.07,-26.3
HL,Hecla Mining Company,Basic Materials,Other Precious Metals & Mining,67.4,BUY,🚀 Accel Growth · 💰 Income,60.0,Narrow,24.91,26.1,4.78,10.0,$16.7B,22.85,11.73,6.44,0.02,23.95,14.0,79.5,56.71,54.97,49.1,22.61,0.94,1027.2,,458.52,-27.1,0.11,1.24,4.92,75.18,100.0,6.0,3.06,10.14,2.72,13.09,90.3
RCKY,"Rocky Brands, Inc.",Consumer Cyclical,Footwear & Accessories,67.3,BUY,💰 Income · ⚠️ High Beta,29.4,None,45.2,53.0,17.26,1.0,$339M,11.05,0.7,1.35,0.31,9.81,9.0,9.1,-17.5,40.93,6.87,4.62,,35.7,,278.88,-7.19,0.49,2.69,2.6,75.85,100.0,138.0,22.63,4.97,2.82,28.13,60.68
ISSC,Innovative Solutions and Suppor,Industrials,Aerospace & Defense,67.2,BUY,🚀 Accel Growth,78.0,Wide,25.94,25.75,-0.73,4.0,$461M,28.51,5.12,6.71,0.06,16.77,33.0,36.6,1.42,50.8,28.85,21.02,1.63,451.4,,389.43,-0.23,0.34,0.64,3.14,55.42,100.0,,,16.36,2.96,14.09,84.1
MNDY,monday.com Ltd.,Technology,Software - Application,67.1,BUY,🚀 Accel Growth · 💎 Deep Value · 📈 Analyst Conviction · ⚠️ Below 200 DMA,48.0,Weak,72.64,127.96,76.16,25.0,$3.7B,14.44,3.04,3.01,0.06,187.26,10.0,24.6,11.58,89.2,0.71,9.64,6.82,233.4,,5.77,-77.08,0.14,1.25,11.36,80.52,,,,-0.06,2.5,197.75,-63.27
WDAY,"Workday, Inc.",Technology,Software - Application,67.1,BUY,💎 Deep Value · 📈 Analyst Conviction · ⚠️ Below 200 DMA,58.5,Narrow,133.76,188.86,41.19,38.0,$35.7B,10.71,3.74,4.48,0.2,24.31,8.0,14.5,6.2,75.7,12.01,7.26,8.64,54.3,,13.59,-51.54,0.49,1.12,6.13,96.49,100.0,,,3.55,1.32,221.53,-39.62
THC,Tenet Healthcare Corporation,Healthcare,Medical Care Facilities,67.0,BUY,💎 Deep Value,60.0,Narrow,239.39,257.0,7.36,21.0,$21.0B,13.67,0.99,4.93,0.82,8.01,27.0,8.9,1.26,41.38,17.46,6.6,7.97,16.7,,117.98,-0.6,1.61,1.44,4.3,98.87,100.0,,,8.04,1.76,189.35,26.43
PBYI,Puma Biotechnology Inc,Healthcare,Biotechnology,67.0,BUY,⭐ Compounder · 🚀 Accel Growth,84.2,Wide,5.7,5.0,-12.28,1.0,$287M,8.77,1.26,2.2,,4.58,28.0,27.7,-11.24,74.53,22.67,13.62,8.27,-30.4,,120.93,-25.78,0.22,,8.5,73.48,100.0,,,10.85,2.0,4.9,16.33
PRI,"Primerica, Inc.",Financial Services,Insurance - Life,67.0,BUY,💰 Income,79.4,Wide,253.66,290.5,14.52,6.0,$8.1B,9.79,2.46,3.3,0.55,9.04,32.0,6.3,0.66,70.4,29.64,22.82,,17.9,,10.24,-14.3,0.78,0.91,5.1,94.84,100.0,170.0,18.16,4.22,3.47,264.5,-4.1
CBOE,"Cboe Global Markets, Inc.",Financial Services,Financial Data & Stock Exchanges,66.7,BUY,⭐ Compounder · 💎 Deep Value · 💰 Income,79.5,Wide,299.72,282.08,-5.89,13.0,$31.4B,23.79,6.65,6.1,0.4,18.82,23.0,8.7,5.95,51.53,36.2,23.33,4.04,59.5,,49.2,-1.12,0.31,0.35,2.98,89.27,100.0,93.0,25.91,11.12,1.87,246.91,21.39
LULU,lululemon athletica inc.,Consumer Cyclical,Apparel Retail,66.5,BUY,⭐ Compounder,79.5,Wide,185.17,209.12,12.93,26.0,$22.0B,14.64,1.98,4.85,,7.65,41.0,7.1,-30.08,58.41,16.99,15.72,4.03,-12.8,,16.28,-49.55,0.39,1.01,5.39,82.08,100.0,,,20.29,2.13,205.44,-9.87
AOS,A.O. Smith Corporation,Industrials,Specialty Industrial Machinery,66.5,BUY,💰 Income,63.5,Narrow,78.0,79.91,2.45,11.0,$10.8B,17.92,2.82,5.82,1.25,13.28,29.0,0.0,-2.22,38.83,17.95,14.26,3.95,14.3,,32.59,-4.73,0.11,1.34,5.57,107.67,100.0,179.0,35.84,14.26,1.5,69.82,11.72
LRCX,Lam Research Corporation,Technology,Semiconductor Equipment & Materials,66.5,BUY,💰 Income,72.0,Narrow,233.89,274.74,17.47,31.0,$293.8B,33.96,14.29,28.84,1.0,39.54,66.0,22.1,12.8,49.8,33.87,30.22,1.64,33.8,,315.29,-8.88,0.44,1.78,2.95,88.85,100.0,44.0,20.12,21.05,2.26,142.23,64.44
PAYC,"Paycom Software, Inc.",Technology,Software - Application,66.5,BUY,💰 Income · ⚠️ Below 200 DMA,79.0,Wide,125.83,151.18,20.15,17.0,$6.9B,11.13,3.37,3.89,55.65,10.1,27.0,10.2,-2.08,87.18,28.86,22.1,3.78,0.2,,19.95,-53.01,0.05,0.8,10.16,98.25,100.0,119.0,18.56,5.27,1.09,196.99,-36.12
AMKR,"Amkor Technology, Inc.",Technology,Semiconductor Equipment & Materials,66.4,BUY,🚀 Accel Growth · 💰 Income,18.0,None,47.82,56.25,17.63,8.0,$11.8B,20.86,1.76,2.65,0.33,10.4,9.0,15.9,-7.23,13.99,9.77,5.57,-0.97,62.6,,240.84,-16.24,0.37,1.95,6.06,46.73,100.0,70.0,22.11,3.87,2.27,31.98,49.53
MOV,Movado Group Inc.,Consumer Cyclical,Luxury Goods,66.4,BUY,💎 Deep Value · 💰 Income,46.5,Weak,24.95,30.75,23.25,2.0,$552M,16.2,0.84,1.11,0.16,13.08,4.0,3.1,-7.35,54.19,6.3,3.33,5.53,98.5,,94.16,-3.48,0.17,0.97,2.83,86.18,100.0,561.0,144.33,2.25,4.06,19.03,31.11
CMRE,Costamare Inc.,Industrials,Marine Shipping,66.4,BUY,💰 Income,63.5,Narrow,17.57,17.0,-3.24,1.0,$2.1B,6.73,2.41,1.01,0.05,5.34,17.0,-61.3,-101.0,72.03,47.51,41.53,,130.1,,165.01,-1.51,0.7,1.12,5.09,32.45,,262.0,14.89,6.3,1.73,12.59,39.56
JBSS,"John B. Sanfilippo & Son, Inc.",Consumer Defensive,Packaged Foods,66.3,BUY,💰 Income,48.5,Weak,82.61,109.0,31.95,1.0,$965M,17.36,0.84,2.61,0.54,8.25,20.0,4.6,14.48,19.06,7.95,6.15,2.98,32.1,,41.29,-2.98,0.2,0.37,2.5,94.6,100.0,109.0,15.03,10.49,2.27,67.77,21.9
GIB,CGI Inc.,Technology,Information Technology Services,66.1,BUY,💰 Income · ⚠️ Below 200 DMA,58.0,Narrow,73.36,90.64,23.56,3.0,$15.8B,10.28,0.97,2.15,12.85,6.66,17.0,7.7,-0.24,20.48,16.06,10.25,11.87,0.8,,4.86,-33.35,0.45,0.41,,73.29,85.0,68.0,8.31,9.02,0.94,93.5,-21.54
AMD,"Advanced Micro Devices, Inc.",Technology,Semiconductors,66.1,BUY,📈 Analyst Conviction,51.0,Weak,200.21,290.26,44.98,47.0,$326.4B,18.47,9.42,5.18,0.09,47.42,7.0,34.1,24.31,52.49,17.06,12.52,1.41,213.5,,161.78,-25.04,0.06,1.95,1.89,72.19,100.0,,,3.2,2.85,186.58,7.31
TNK,Teekay Tankers Ltd.,Energy,Oil & Gas Midstream,66.0,BUY,💰 Income,56.0,Narrow,78.27,78.4,0.17,5.0,$2.7B,12.01,2.84,1.32,0.41,6.26,18.0,-26.4,-33.68,36.58,34.3,36.9,0.73,29.4,,134.69,-0.52,0.02,-0.32,2.86,64.18,,128.0,11.1,6.38,7.98,53.18,47.18
OMC,Omnicom Group Inc.,Communication Services,Advertising Agencies,66.0,BUY,🚀 Accel Growth · 💰 Income,37.0,Weak,85.29,100.5,17.83,10.0,$26.8B,6.69,1.55,2.22,,11.41,0.0,27.9,9.39,18.57,14.88,-0.32,16.79,,,28.58,-4.46,0.86,0.74,8.53,102.75,100.0,375.0,41.3,3.77,0.93,75.58,12.85
GFF,Griffon Corporation,Industrials,Building Products & Equipment,66.0,BUY,⚠️ High Leverage,58.5,Narrow,85.24,114.14,33.9,7.0,$4.0B,14.55,1.57,36.46,,10.44,27.0,2.6,8.24,41.81,17.49,1.76,5.76,-9.1,,33.35,-12.65,14.21,1.27,3.63,78.87,100.0,103.0,75.25,13.02,2.56,76.62,11.25
APEI,"American Public Education, Inc.",Consumer Defensive,Education & Training Services,65.9,BUY,💎 Deep Value,53.0,Weak,45.82,46.17,0.76,6.0,$829M,16.78,1.27,2.97,0.12,10.86,11.0,6.6,-0.82,54.22,8.42,4.88,9.85,145.8,,144.11,-1.42,0.6,1.72,11.48,114.1,100.0,,,6.63,2.83,34.59,32.47
MLI,"Mueller Industries, Inc.",Industrials,Metal Fabrication,65.8,BUY,💰 Income,64.0,Narrow,117.96,140.0,18.68,2.0,$13.1B,14.13,3.13,4.02,1.21,11.99,26.0,4.2,23.24,29.02,18.13,18.31,3.81,11.7,,76.48,-15.31,0.01,1.02,2.78,93.21,100.0,119.0,14.58,15.93,5.92,100.76,17.07
BLBD,Blue Bird Corporation,Industrials,Farm & Heavy Construction Machinery,65.8,BUY,⭐ Compounder,61.5,Narrow,58.27,66.75,14.55,8.0,$1.8B,11.54,1.23,6.8,1.63,9.03,58.0,6.1,14.08,20.97,11.3,8.65,6.9,7.1,,93.97,-7.36,0.33,1.43,18.06,115.32,100.0,,,18.36,1.81,50.54,15.29
META,"Meta Platforms, Inc.",Communication Services,Internet Content & Information,65.8,BUY,📈 Analyst Conviction · 💰 Income,80.5,Wide,648.18,863.2,33.17,59.0,$1.6T,18.07,8.16,7.55,1.94,16.13,30.0,23.8,21.1,82.0,41.31,30.08,1.43,9.3,,35.09,-18.6,0.39,1.28,1.24,78.49,100.0,32.0,8.94,16.21,2.6,691.29,-6.24
BMY,Bristol-Myers Squibb Company,Healthcare,Drug Manufacturers - General,65.7,BUY,💎 Deep Value · ⚠️ High Leverage,87.0,Wide,62.37,62.16,-0.34,25.0,$127.0B,10.18,2.64,6.87,0.01,8.56,40.0,1.3,9.12,72.62,28.16,14.64,8.78,1409.7,,46.68,-1.52,2.55,0.29,1.56,82.85,100.0,404.0,71.97,10.29,1.25,49.41,26.23
M,Macy's Inc,Consumer Cyclical,Department Stores,65.6,BUY,💰 Income,39.5,Weak,19.78,21.8,10.21,10.0,$5.3B,9.04,0.23,1.22,,6.84,11.0,0.2,-37.57,40.38,0.77,2.1,17.07,-60.7,,102.66,-18.97,1.21,1.52,10.89,90.82,100.0,387.0,42.41,3.22,1.25,17.21,14.93
NVEC,NVE Corporation,Technology,Semiconductors,65.5,BUY,🚀 Accel Growth · 💰 Income,83.0,Wide,68.84,,,,$333M,24.33,12.83,5.71,2.21,19.85,23.0,22.9,-12.69,79.15,60.15,54.59,2.18,11.0,,33.67,-16.35,0.02,1.22,7.53,88.53,100.0,578.0,136.99,15.49,34.84,68.06,1.15
PGY,Pagaya Technologies Ltd.,Technology,Software - Infrastructure,65.5,BUY,⚠️ High Short · ⚠️ High Beta · ⚠️ Below 200 DMA,56.0,Narrow,11.19,27.55,146.2,11.0,$900M,3.36,0.69,1.91,,2.38,13.0,19.8,15.25,42.43,23.81,6.25,25.67,,,31.65,-75.13,1.47,5.88,24.7,62.81,100.0,,,11.62,14.26,24.92,-55.1
INTU,Intuit Inc.,Technology,Software - Application,65.3,BUY,🚀 Accel Growth · 📈 Analyst Conviction · ⚠️ Below 200 DMA,77.8,Wide,409.03,620.94,51.81,31.0,$113.9B,15.5,5.66,5.96,,,23.0,41.0,-3.33,80.9,15.7,21.57,4.66,-14.6,,17.2,-49.73,,1.23,3.41,89.97,100.0,110.0,29.67,10.33,1.32,660.51,-38.07
PTC,PTC Inc.,Technology,Software - Application,65.3,BUY,⭐ Compounder · 💎 Deep Value,81.0,Wide,156.59,195.0,24.53,18.0,$18.6B,17.98,6.52,4.85,0.18,16.15,23.0,21.4,40.45,84.23,33.8,28.61,4.22,102.5,,17.4,-28.72,0.36,1.03,5.03,101.58,100.0,,,11.24,1.22,184.08,-14.93
HNI,HNI Corporation,Consumer Cyclical,"Furnishings, Fixtures & Appliances",65.2,BUY,🚀 Accel Growth · 💰 Income,36.5,Weak,44.96,72.0,60.14,4.0,$3.2B,9.24,1.12,1.28,,10.71,4.0,38.3,3.83,41.52,7.27,1.91,4.8,,,18.19,-15.63,0.87,0.92,2.4,128.81,100.0,302.0,44.97,4.47,1.24,45.77,-1.77
DELL,Dell Technologies Inc.,Technology,Computer Hardware,65.2,BUY,🚀 Accel Growth,22.9,None,148.08,163.13,10.16,23.0,$99.2B,10.41,0.87,-39.99,0.28,13.66,,39.5,24.42,20.0,7.92,5.23,-1.37,36.6,,123.52,-11.9,,1.1,9.33,81.29,100.0,142.0,27.01,5.63,0.91,128.86,14.92
RBBN,Ribbon Communications Inc.,Technology,Software - Application,65.2,BUY,💎 Deep Value · ⚠️ Below 200 DMA,48.0,Weak,2.23,3.65,63.68,6.0,$395M,9.59,0.47,0.87,0.01,8.59,9.0,-9.6,-12.24,52.22,8.25,4.69,10.82,1299.5,,23.89,-53.93,0.9,1.04,3.97,74.72,100.0,,,1.09,1.44,3.4,-34.41
LDOS,"Leidos Holdings, Inc.",Technology,Information Technology Services,65.1,BUY,💎 Deep Value · 💰 Income,54.5,Weak,175.1,214.0,22.22,13.0,$22.4B,13.55,1.3,4.5,0.9,11.05,31.0,-3.6,5.28,18.04,11.24,8.43,4.94,15.1,,37.45,-14.9,1.08,0.62,2.49,80.92,95.0,95.0,14.63,9.9,1.7,177.53,-1.37
HUBS,"HubSpot, Inc.",Technology,Software - Application,65.0,BUY,💎 Deep Value · 📈 Analyst Conviction · ⚠️ Below 200 DMA,49.0,Weak,264.51,374.75,41.68,34.0,$14.0B,17.42,4.46,6.73,0.02,406.0,2.0,20.4,13.36,83.76,5.69,1.47,4.67,992.2,,27.66,-63.86,0.13,1.39,6.34,91.31,100.0,,,0.2,1.67,448.27,-40.99
PATH,"UiPath, Inc.",Technology,Software - Infrastructure,65.0,BUY,🚀 Accel Growth · 📈 Analyst Conviction · ⚠️ High Short · ⚠️ Below 200 DMA,57.0,Narrow,10.73,15.93,48.46,15.0,$5.7B,14.07,3.69,2.98,,121.56,13.0,15.9,-14.62,83.38,3.18,14.79,7.33,,,14.39,-45.92,0.04,1.07,22.96,74.99,100.0,,,0.53,2.65,13.48,-20.4
OKTA,"Okta, Inc.",Technology,Software - Infrastructure,65.0,BUY,💎 Deep Value · 📈 Analyst Conviction · ⚠️ Below 200 DMA,54.0,Weak,72.5,110.27,52.1,40.0,$12.8B,19.73,4.52,1.86,0.12,51.72,3.0,11.6,6.74,77.08,3.1,6.87,7.49,168.8,,5.42,-43.17,0.06,0.77,4.88,91.87,100.0,,,0.84,1.47,92.41,-21.55
FLXS,"Flexsteel Industries, Inc.",Consumer Cyclical,"Furnishings, Fixtures & Appliances",64.9,BUY,💰 Income,49.0,Weak,51.47,54.0,4.92,2.0,$275M,12.31,0.6,1.54,,7.35,12.0,9.0,-3.1,23.08,7.61,4.58,8.16,-26.6,,75.19,-14.15,0.31,0.53,1.9,72.2,100.0,150.0,21.04,8.13,3.01,40.17,28.13
ADP,"Automatic Data Processing, Inc.",Technology,Software - Application,64.9,BUY,💰 Income · ⚠️ Below 200 DMA,68.0,Narrow,214.36,276.71,29.09,14.0,$86.7B,17.92,4.09,13.51,1.74,14.28,74.0,6.2,-6.8,48.35,26.28,19.96,3.99,10.3,,5.46,-35.03,0.7,0.85,2.77,86.46,100.0,317.0,60.71,4.71,1.03,280.31,-23.53
DECK,Deckers Outdoor Corporation,Consumer Cyclical,Footwear & Accessories,64.8,BUY,⭐ Compounder,87.0,Wide,117.27,128.52,9.59,21.0,$17.1B,16.02,3.18,6.4,3.02,10.96,40.0,7.1,40.03,57.55,31.38,19.35,4.44,5.3,,48.61,-17.36,0.13,1.15,3.83,98.34,100.0,,,19.9,2.86,104.48,12.24
CLMB,"Climb Global Solutions, Inc.",Technology,Electronics & Computer Distribution,64.8,BUY,🚀 Accel Growth · 💰 Income,42.9,Weak,94.68,136.0,43.64,1.0,$437M,15.55,0.67,3.68,,10.51,21.0,19.8,-1.53,16.13,4.95,3.27,,-0.1,,18.23,-34.71,0.02,1.13,5.62,73.84,100.0,75.0,14.62,4.03,1.11,115.15,-17.78
SEIC,SEI Investments Company,Financial Services,Asset Management,64.7,BUY,💰 Income,80.0,Wide,81.32,103.71,27.53,7.0,$10.0B,12.74,4.33,4.06,1.19,14.67,29.0,9.1,4.93,78.37,26.35,31.14,3.16,10.7,,25.77,-13.45,0.01,0.95,1.73,74.46,100.0,124.0,17.94,13.08,3.29,85.17,-4.52
GGG,Graco Inc.,Industrials,Specialty Industrial Machinery,64.7,BUY,💰 Income,77.5,Wide,93.92,96.0,2.21,9.0,$15.6B,27.16,6.96,5.84,1.24,20.68,20.0,8.1,2.85,52.45,27.47,23.33,3.33,21.9,,30.34,-1.85,0.02,1.08,2.9,91.85,100.0,126.0,35.71,12.0,3.15,85.17,10.27
NGVC,Natural Grocers by Vitamin Cott,Consumer Defensive,Grocery Stores,64.7,BUY,💎 Deep Value · 💰 Income · ⚠️ Below 200 DMA,38.5,Weak,27.03,45.0,66.48,2.0,$623M,12.57,0.47,2.83,0.9,9.52,24.0,1.6,0.11,33.65,4.38,3.58,7.03,14.0,,15.17,-55.85,1.48,1.32,8.06,38.86,100.0,222.0,24.76,6.01,1.07,35.14,-23.08
UI,Ubiquiti Inc.,Technology,Communication Equipment,64.6,BUY,🚀 Accel Growth · 💰 Income,70.0,Narrow,766.99,623.5,-18.71,2.0,$46.4B,40.49,15.62,45.69,0.57,43.46,136.0,35.8,10.48,45.42,35.94,29.9,1.11,70.8,,200.78,-4.56,0.11,1.4,11.42,4.95,100.0,42.0,19.09,46.69,2.72,549.81,39.5
TTD,"The Trade Desk, Inc.",Communication Services,Advertising Agencies,64.6,BUY,📈 Analyst Conviction · ⚠️ Below 200 DMA,72.0,Narrow,23.82,34.32,44.08,33.0,$11.6B,10.0,4.02,4.6,3.85,14.99,16.0,14.3,-6.34,78.63,30.34,15.31,5.17,2.6,,13.0,-73.95,0.18,1.09,10.61,83.8,100.0,,,6.01,1.61,52.58,-54.7
ACGL,Arch Capital Group Ltd.,Financial Services,Insurance - Diversified,64.6,BUY,—,62.0,Narrow,100.15,109.32,9.16,19.0,$36.3B,9.91,1.82,1.53,0.31,6.43,20.0,8.5,10.19,37.16,29.53,22.07,-46.82,32.4,,21.47,-3.13,0.12,0.38,1.83,93.17,100.0,,,4.44,1.1,91.96,8.91
ADI,"Analog Devices, Inc.",Technology,Semiconductors,64.6,BUY,🚀 Accel Growth · 💰 Income,57.5,Narrow,355.79,382.36,7.47,33.0,$174.2B,27.59,14.82,5.14,0.25,32.67,8.0,30.4,18.87,62.84,33.07,23.02,2.38,112.3,,124.26,-2.04,0.26,1.03,1.87,93.39,100.0,114.0,85.31,4.54,1.76,256.56,38.68
FOXA,Fox Corporation,Communication Services,Entertainment,64.5,BUY,📈 Analyst Conviction · 💰 Income,56.5,Narrow,56.34,71.76,27.37,17.0,$24.0B,10.93,1.45,2.19,,8.39,17.0,2.0,-14.48,35.44,11.35,11.41,7.37,-38.6,,21.37,-26.25,0.67,0.51,18.76,122.69,100.0,99.0,13.19,8.81,2.78,61.59,-8.52
ALV,"Autoliv, Inc.",Consumer Cyclical,Auto Parts,64.5,BUY,⭐ Compounder · 💰 Income,50.0,Weak,118.52,135.79,14.57,16.0,$9.0B,9.88,0.83,3.44,,6.99,30.0,7.7,3.75,19.18,12.25,6.8,5.84,-7.0,,57.0,-8.93,0.9,1.33,4.4,73.88,100.0,278.0,32.67,8.41,1.04,118.31,0.18
CRUS,"Cirrus Logic, Inc.",Technology,Semiconductors,64.4,BUY,💎 Deep Value,82.0,Wide,141.12,144.67,2.52,6.0,$7.2B,16.15,3.65,3.42,0.77,12.82,20.0,4.5,32.16,52.87,26.34,20.47,6.54,21.0,,86.1,-3.92,0.07,1.14,6.04,102.03,100.0,,,11.83,7.65,117.99,19.6
KLAC,KLA Corporation,Technology,Semiconductor Equipment & Materials,64.4,BUY,💰 Income,75.0,Wide,1524.55,1666.7,9.32,30.0,$200.3B,32.95,15.72,36.58,0.84,34.96,101.0,7.2,4.79,61.57,41.31,35.76,1.61,39.0,,176.52,-9.97,1.12,1.46,2.48,93.76,100.0,50.0,21.54,21.09,2.83,1095.33,39.19
MCB,Metropolitan Bank Holding Corp.,Financial Services,Banks - Regional,64.4,BUY,🚀 Accel Growth,34.0,None,84.15,100.33,19.23,3.0,$867M,7.15,3.12,1.14,0.21,,10.0,23.1,7.42,0.0,50.01,25.62,,34.7,,78.74,-13.99,,1.12,5.04,90.22,100.0,59.0,4.53,0.91,,75.89,10.88
ACT,"Enact Holdings, Inc.",Financial Services,Insurance - Specialty,64.3,BUY,💰 Income,74.7,Narrow,41.84,45.6,8.99,5.0,$6.2B,8.2,4.99,1.13,0.92,,13.0,3.6,0.89,73.54,75.33,54.56,,8.9,,33.76,-6.61,0.14,0.51,15.18,21.47,100.0,201.0,18.03,8.47,1.03,37.79,10.72
SMCI,"Super Micro Computer, Inc.",Technology,Computer Hardware,64.3,BUY,🚀 Accel Growth · 📈 Analyst Conviction · ⚠️ Below 200 DMA,19.0,None,32.39,41.31,27.54,16.0,$19.4B,10.94,0.69,2.77,0.44,18.74,13.0,123.4,9.08,8.02,3.74,3.11,0.53,24.9,,17.36,-48.06,0.75,1.52,18.97,56.5,100.0,,,3.42,1.7,41.66,-22.25
QCOM,QUALCOMM Incorporated,Technology,Semiconductors,64.2,BUY,⭐ Compounder · 💰 Income,75.5,Wide,142.36,161.04,13.12,27.0,$152.0B,12.67,3.39,6.63,,11.25,21.0,5.0,2.66,55.1,27.47,11.96,6.86,-5.5,,17.85,-30.88,0.64,1.24,3.69,81.58,100.0,250.0,70.97,14.05,2.5,160.74,-11.43
MRVL,"Marvell Technology, Inc.",Technology,Semiconductors,63.8,BUY,🚀 Accel Growth · 📈 Analyst Conviction · 💰 Income,53.5,Weak,81.69,115.65,41.57,40.0,$69.3B,24.15,8.89,4.93,,29.14,18.0,36.8,10.38,50.71,17.73,31.75,2.82,,,73.48,-20.51,0.34,1.98,4.53,83.83,100.0,29.0,8.45,3.48,2.01,78.53,4.02
BKNG,Booking Holdings Inc. Common St,Consumer Cyclical,Travel Services,63.8,BUY,💎 Deep Value · 📈 Analyst Conviction,90.0,Wide,4239.35,5816.77,37.21,35.0,$136.7B,13.54,5.08,-24.24,0.4,13.5,,16.0,89.16,87.36,32.45,20.08,4.79,33.7,,12.59,-27.4,,1.19,2.59,112.04,100.0,93.0,23.19,20.82,1.33,5258.83,-19.39
GL,Globe Life Inc.,Financial Services,Insurance - Life,63.7,BUY,⭐ Compounder · 💰 Income,63.5,Narrow,145.26,172.1,18.48,10.0,$11.8B,8.79,1.96,1.92,2.04,8.63,21.0,3.6,2.2,33.81,24.24,19.37,9.66,4.3,,32.8,-4.88,0.51,0.46,2.28,85.45,100.0,74.0,7.68,3.33,0.76,134.36,8.11
AZZ,AZZ Inc.,Industrials,Specialty Business Services,63.7,BUY,💎 Deep Value · 💰 Income,52.0,Weak,135.98,139.56,2.63,9.0,$4.1B,19.96,2.53,3.08,0.9,13.35,27.0,5.5,18.59,24.11,16.32,19.89,3.9,22.2,,91.79,-3.68,0.43,1.12,4.89,97.38,100.0,57.0,6.95,7.23,1.66,108.51,25.32
JBL,Jabil Inc.,Technology,Electronic Components,63.6,BUY,💎 Deep Value · ⚠️ High Leverage,41.0,Weak,264.99,264.5,-0.18,8.0,$28.3B,19.65,0.91,21.06,0.43,13.04,48.0,18.7,22.65,8.94,4.13,2.26,4.19,46.0,,143.87,-5.82,2.56,1.24,3.12,97.68,100.0,12.0,5.01,5.16,0.99,216.35,22.48
BAH,Booz Allen Hamilton Holding Cor,Industrials,Consulting Services,63.6,BUY,⚠️ High Leverage,62.0,Narrow,78.83,106.82,35.51,11.0,$9.7B,12.53,0.85,9.29,1.79,10.1,75.0,-10.2,-2.84,22.37,9.73,7.35,8.33,7.0,,6.63,-39.78,4.04,0.35,9.86,105.36,100.0,299.0,32.64,9.91,1.81,97.88,-19.46
NVO,Novo Nordisk A/S,Healthcare,Drug Manufacturers - General,63.5,BUY,💰 Income · ⚠️ Below 200 DMA,76.5,Wide,37.45,51.37,37.17,11.0,$166.5B,10.87,0.54,5.43,,1.76,61.0,-7.6,-3.98,82.41,44.53,33.14,0.23,-4.7,,0.38,-59.25,0.67,0.4,0.84,9.5,,497.0,50.42,17.43,0.8,57.16,-34.48
FFIV,"F5, Inc.",Technology,Software - Infrastructure,63.5,BUY,⭐ Compounder,86.0,Wide,271.36,310.3,14.35,10.0,$15.4B,16.16,4.9,4.36,1.97,16.3,21.0,7.3,10.8,81.39,26.04,22.45,4.42,8.2,,21.27,-21.57,0.08,1.01,4.91,109.41,100.0,,,8.09,1.55,287.01,-5.45
CNA,CNA Financial Corporation,Financial Services,Insurance - Property & Casualty,63.5,BUY,💎 Deep Value · 💰 Income,52.0,Weak,48.02,43.0,-10.45,1.0,$13.0B,10.0,0.87,1.12,0.01,7.37,12.0,3.8,4.98,32.0,10.81,8.53,17.99,1338.1,,10.93,-6.47,0.27,0.36,7.95,100.27,100.0,400.0,39.23,1.61,0.37,46.63,2.98
AMAT,"Applied Materials, Inc.",Technology,Semiconductor Equipment & Materials,63.4,BUY,💰 Income,69.0,Narrow,372.3,409.22,9.92,32.0,$295.5B,27.0,10.47,13.6,0.38,33.09,39.0,-2.1,1.9,48.72,29.89,27.78,1.47,71.0,,200.87,-5.97,0.33,1.68,1.86,85.38,100.0,49.0,18.26,14.85,2.71,226.95,64.04
NTNX,"Nutanix, Inc.",Technology,Software - Infrastructure,63.3,BUY,💎 Deep Value · 📈 Analyst Conviction · ⚠️ Below 200 DMA,70.7,Narrow,38.28,58.87,53.79,15.0,$10.4B,17.75,3.85,-12.35,0.21,33.89,,10.4,-0.22,87.13,11.64,9.95,6.49,82.6,,8.17,-54.08,,0.48,5.59,91.86,100.0,,,4.44,1.66,64.23,-40.4
GAP,"Gap, Inc. (The)",Consumer Cyclical,Apparel Retail,63.3,BUY,⚠️ High Beta,49.0,Weak,28.04,30.59,9.09,17.0,$10.4B,12.08,0.68,2.86,,8.03,25.0,3.0,-10.22,41.01,8.22,5.57,5.9,-13.9,,65.04,-4.5,1.51,2.27,11.23,61.64,100.0,250.0,29.05,6.06,1.72,23.96,17.03
TOST,"Toast, Inc.",Technology,Software - Infrastructure,63.2,BUY,💎 Deep Value · 📈 Analyst Conviction · ⚠️ Below 200 DMA,37.5,Weak,27.31,37.22,36.29,23.0,$16.1B,16.74,2.61,7.57,0.08,38.25,19.0,22.0,22.14,25.97,5.51,5.56,3.61,215.6,,12.16,-45.01,0.01,1.93,5.39,87.14,100.0,,,6.87,2.75,38.57,-29.19
RVLV,"Revolve Group, Inc.",Consumer Cyclical,Internet Retail,63.2,BUY,⚠️ High Short,50.5,Weak,25.16,31.21,24.05,14.0,$1.8B,22.48,1.46,2.99,0.45,18.47,13.0,10.4,5.19,53.5,6.75,5.03,2.09,50.4,,49.76,-20.58,0.06,1.77,25.0,114.41,100.0,,,6.87,2.81,23.57,6.75
YUMC,"Yum China Holdings, Inc.",Consumer Cyclical,Restaurants,63.1,BUY,💎 Deep Value · 💰 Income,36.5,Weak,54.91,62.02,12.95,22.0,$19.4B,16.85,1.64,3.61,0.78,11.65,16.0,8.8,7.4,17.28,7.16,7.88,5.31,21.7,,33.93,-5.96,0.31,0.12,1.53,78.06,100.0,211.0,38.25,7.57,1.05,46.53,18.01
VRT,"Vertiv Holdings, LLC",Industrials,Electrical Equipment & Parts,63.0,BUY,💰 Income · ⚠️ High Beta,60.5,Narrow,254.89,263.2,3.26,24.0,$97.5B,32.24,9.53,24.74,0.16,44.8,42.0,22.7,31.42,36.32,21.17,13.03,1.47,203.1,,375.54,-3.76,0.82,2.09,2.48,80.02,95.0,10.0,5.13,11.12,1.55,156.1,63.29
NFLX,"Netflix, Inc.",Communication Services,Entertainment,63.0,BUY,⭐ Compounder · 💎 Deep Value,72.0,Narrow,96.24,113.71,18.15,40.0,$408.2B,25.16,9.04,15.27,0.86,30.33,43.0,17.6,9.18,48.49,24.54,24.3,6.08,29.4,,28.3,-28.24,0.64,1.71,1.98,83.74,100.0,,,15.25,1.19,110.14,-12.62
TREE,"LendingTree, Inc.",Financial Services,Financial Conglomerates,62.9,BUY,🚀 Accel Growth · ⚠️ High Beta · ⚠️ High Leverage · ⚠️ Below 200 DMA,57.0,Narrow,37.37,81.33,117.63,6.0,$511M,7.5,0.48,3.85,,10.39,12.0,18.0,-4.36,96.16,9.39,1.34,10.47,,,14.46,-51.69,3.4,2.17,11.96,87.31,100.0,,,6.23,1.43,52.3,-28.55
NXPI,NXP Semiconductors N.V.,Technology,Semiconductors,62.9,BUY,💰 Income,68.0,Narrow,227.01,260.97,14.96,32.0,$57.4B,13.54,4.68,5.71,,16.53,21.0,7.2,11.92,55.38,26.3,16.47,3.28,-8.1,,53.29,-11.45,1.2,1.46,4.39,99.08,100.0,179.0,51.02,8.01,2.05,220.67,2.87
SE,Sea Limited,Consumer Cyclical,Internet Retail,62.8,BUY,🚀 Accel Growth · 📈 Analyst Conviction · ⚠️ Below 200 DMA,38.0,Weak,108.45,180.54,66.47,30.0,$64.2B,22.09,3.05,6.33,0.15,32.92,16.0,38.3,6.24,44.92,7.95,6.74,1.19,144.6,,8.99,-45.58,0.41,1.59,6.36,72.51,100.0,,,4.45,1.44,151.98,-28.64
SAFT,"Safety Insurance Group, Inc.",Financial Services,Insurance - Property & Casualty,62.7,BUY,💰 Income,43.5,Weak,77.63,,,,$1.2B,12.42,0.91,1.27,0.08,8.3,12.0,11.4,10.97,10.77,8.13,7.85,,147.4,,15.8,-7.8,0.07,0.21,1.84,85.32,100.0,474.0,61.67,3.38,0.38,75.31,3.08
MG,Mistras Group Inc,Industrials,Security & Protection Services,62.7,BUY,—,26.0,None,15.28,17.0,11.26,2.0,$482M,15.05,0.67,2.12,0.14,9.81,8.0,7.0,7.34,33.9,11.07,2.54,0.28,104.8,,116.43,-1.61,1.19,0.87,2.78,60.2,100.0,,,4.94,1.89,10.52,45.25
ELMD,"Electromed, Inc.",Healthcare,Medical Devices,62.7,BUY,💎 Deep Value,76.5,Wide,23.7,37.0,56.12,4.0,$198M,38.85,2.87,4.32,0.96,14.16,20.0,16.3,7.67,78.23,19.16,13.06,3.58,40.3,,33.67,-22.88,0.0,0.26,2.06,59.7,100.0,,,13.62,4.86,23.91,-0.88
MARA,"MARA Holdings, Inc.",Financial Services,Capital Markets,62.7,BUY,⭐ Compounder · 🚀 Accel Growth · ⚠️ High Short · ⚠️ High Beta · ⚠️ Below 200 DMA,63.0,Narrow,8.94,17.3,93.51,11.0,$3.4B,-894.0,3.68,0.66,,5.5,23.0,91.7,11.24,44.87,31.45,100.82,6.53,,,34.23,-61.88,0.7,5.53,37.7,69.09,100.0,,,4.96,2.09,14.46,-38.17
VEEV,Veeva Systems Inc.,Healthcare,Health Information Services,62.7,BUY,💎 Deep Value · 📈 Analyst Conviction · ⚠️ Below 200 DMA,69.5,Narrow,182.01,293.1,61.04,30.0,$29.9B,21.18,9.71,4.25,0.78,25.15,14.0,16.0,9.46,75.67,29.69,27.93,3.51,27.1,,8.25,-41.38,0.01,1.08,4.21,88.29,100.0,,,7.64,7.53,258.88,-29.69
CTVA,"Corteva, Inc.",Basic Materials,Agricultural Inputs,62.6,BUY,💰 Income,44.0,Weak,80.12,82.76,3.3,21.0,$54.1B,19.91,3.11,2.23,,13.84,5.0,-1.7,-40.73,47.29,5.6,6.29,5.41,,,50.04,-0.13,0.12,0.74,1.63,87.75,100.0,90.0,40.0,3.88,1.43,69.89,14.64
CMPR,Cimpress PLC,Industrials,Specialty Business Services,62.6,BUY,—,57.1,Narrow,73.05,97.5,33.47,2.0,$1.8B,12.98,0.51,-3.36,,9.9,,11.0,9.35,47.02,8.58,0.66,10.24,-19.2,,107.47,-11.38,,1.74,14.19,91.55,100.0,,,7.79,0.68,61.69,18.41
CDW,CDW Corporation,Technology,Information Technology Services,62.4,BUY,⚠️ Below 200 DMA,46.5,Weak,122.64,167.4,36.5,10.0,$16.1B,10.89,0.72,6.09,1.88,10.86,43.0,6.3,15.24,21.73,7.31,4.76,5.73,5.8,,3.55,-36.22,2.37,1.05,4.4,97.8,100.0,205.0,31.0,6.81,1.18,156.49,-21.63
LYFT,"Lyft, Inc.",Technology,Software - Application,62.4,BUY,⭐ Compounder · 📈 Analyst Conviction · ⚠️ Below 200 DMA,49.0,Weak,13.84,19.97,44.29,38.0,$5.5B,7.4,0.88,1.69,0.0,-150.06,141.0,2.7,16.21,33.88,-11.18,45.03,21.53,4363.0,,43.27,-45.81,0.4,1.9,17.09,100.93,100.0,,,-1.46,0.65,17.85,-22.46
CMCSA,Comcast Corporation,Communication Services,Telecom Services,62.4,BUY,💰 Income,66.5,Narrow,30.96,33.01,6.62,22.0,$112.8B,7.78,0.91,1.15,,5.62,21.0,1.2,4.39,71.75,10.79,16.17,4.96,-54.6,,28.29,-13.02,1.08,0.79,2.37,88.64,100.0,426.0,18.37,4.79,0.88,29.83,3.79
PANW,"Palo Alto Networks, Inc.",Technology,Software - Infrastructure,62.3,BUY,📈 Analyst Conviction · ⚠️ Below 200 DMA,65.0,Narrow,148.92,208.82,40.22,47.0,$121.5B,37.39,12.28,11.15,0.61,81.02,16.0,14.9,8.08,73.5,15.42,12.96,2.31,61.8,,6.7,-33.4,0.05,0.75,2.81,73.66,100.0,,,3.21,1.04,191.5,-22.23
COP,ConocoPhillips,Energy,Oil & Gas E&P,62.2,BUY,💰 Income,57.0,Narrow,113.46,116.11,2.34,27.0,$138.7B,16.78,2.3,2.16,,6.46,12.0,-6.8,-9.0,46.18,16.3,13.25,5.4,-37.5,,42.04,-0.3,0.38,0.29,1.67,84.85,100.0,296.0,50.08,6.42,1.3,94.24,20.39
DGII,Digi International Inc.,Technology,Communication Equipment,62.1,BUY,—,54.5,Weak,48.82,50.5,3.44,6.0,$1.8B,18.35,4.09,2.83,1.14,20.05,7.0,17.9,9.41,63.94,13.33,9.45,6.35,16.1,,118.04,-5.72,0.23,0.82,5.71,101.17,100.0,,,4.46,1.24,38.18,27.87
BBY,"Best Buy Co., Inc.",Consumer Cyclical,Specialty Retail,62.0,BUY,📈 Analyst Conviction,45.5,Weak,61.97,77.75,25.46,20.0,$13.0B,9.32,0.31,4.91,,6.14,22.0,2.4,-32.33,22.5,3.98,1.54,8.79,-48.7,,12.69,-31.8,1.55,1.47,13.43,99.61,100.0,613.0,125.08,6.52,1.04,71.98,-13.91
AMTM,"Amentum Holdings, Inc.",Industrials,Specialty Business Services,61.8,HOLD,💎 Deep Value,27.9,None,29.87,36.64,22.66,11.0,$7.3B,10.84,0.51,1.6,0.04,11.03,2.0,-5.2,12.43,10.64,3.61,0.69,8.75,266.7,,86.57,-21.62,0.84,,5.89,103.58,100.0,,,2.75,1.42,26.07,14.58
RMD,ResMed Inc.,Healthcare,Medical Instruments & Supplies,61.7,HOLD,💰 Income,75.5,Wide,256.26,297.47,16.08,15.0,$37.4B,21.04,6.93,5.91,1.51,18.15,26.0,11.0,3.39,61.47,35.16,27.53,3.79,13.9,,28.18,-12.78,0.13,0.88,7.98,68.23,100.0,94.0,22.35,14.74,3.06,260.52,-1.64
FLEX,Flex Ltd.,Technology,Electronic Components,61.6,HOLD,—,31.0,None,63.02,76.12,20.79,8.0,$23.3B,17.27,0.87,4.52,,12.71,17.0,7.7,6.35,9.27,5.67,3.18,4.01,-9.1,,150.98,-12.74,0.98,1.23,3.03,102.93,100.0,,,4.53,1.4,56.49,11.56
ONON,On Holding AG,Consumer Cyclical,Footwear & Accessories,61.6,HOLD,📈 Analyst Conviction · ⚠️ High Beta,56.0,Narrow,46.48,62.27,33.97,27.0,$15.3B,26.99,5.33,7.69,0.09,36.87,16.0,24.9,23.51,62.4,15.71,7.79,2.48,289.8,,35.19,-24.16,0.33,2.15,6.97,68.82,,,,8.93,2.55,47.35,-1.84
CI,The Cigna Group,Healthcare,Healthcare Plans,61.6,HOLD,💰 Income,39.5,Weak,289.82,332.62,14.77,23.0,$77.4B,8.66,0.28,1.83,,8.24,15.0,10.4,1.86,9.3,3.53,2.17,12.62,-13.3,,21.01,-17.19,0.75,0.28,2.27,91.37,100.0,215.0,27.23,4.09,0.85,291.2,-0.47
DCI,"Donaldson Company, Inc.",Industrials,Specialty Industrial Machinery,61.5,HOLD,💰 Income,51.5,Weak,92.76,98.6,6.3,5.0,$10.7B,21.05,2.86,6.81,,16.82,24.0,3.0,12.72,34.6,13.49,10.09,2.35,-3.5,,61.46,-17.8,0.43,1.01,1.84,89.52,100.0,129.0,35.51,11.8,2.29,83.25,11.42
RJF,"Raymond James Financial, Inc.",Financial Services,Asset Management,61.5,HOLD,💰 Income,59.4,Narrow,153.08,184.83,20.74,12.0,$30.2B,11.13,2.13,2.41,,,17.0,5.7,9.5,92.98,19.74,14.76,,-6.2,,30.2,-13.84,0.46,1.0,5.29,79.49,100.0,141.0,19.94,2.45,2.24,161.47,-5.2
CVS,CVS Health Corporation,Healthcare,Healthcare Plans,61.4,HOLD,💎 Deep Value · 💰 Income,27.0,None,79.9,96.5,20.78,26.0,$101.6B,9.76,0.25,1.35,0.12,11.7,2.0,8.4,8.76,13.29,1.57,0.44,5.83,79.0,,36.93,-6.17,1.06,0.5,1.31,90.83,100.0,333.0,191.37,2.47,0.84,73.03,9.41
PFBC,Preferred Bank,Financial Services,Banks - Regional,61.4,HOLD,🚀 Accel Growth,44.0,Weak,87.72,102.0,16.28,4.0,$1.1B,7.94,3.8,1.35,0.52,,17.0,15.5,0.09,0.0,71.65,47.52,,15.2,,22.0,-14.88,,0.63,9.55,87.5,100.0,365.0,30.36,1.84,,91.18,-3.79
VLTO,Veralto Corp,Industrials,Pollution & Treatment Controls,61.4,HOLD,💰 Income,69.0,Narrow,97.43,110.12,13.02,17.0,$24.2B,21.4,4.4,7.79,1.8,18.42,36.0,3.8,1.93,59.95,22.71,17.08,3.37,11.9,,16.17,-11.52,0.93,1.11,2.25,98.01,100.0,53.0,12.23,11.34,1.67,101.64,-4.14
SNEX,StoneX Group Inc.,Financial Services,Capital Markets,61.4,HOLD,🚀 Accel Growth · ⚠️ High Leverage,24.1,None,127.5,135.0,5.88,1.0,$6.7B,14.52,0.05,2.65,0.23,,17.0,39.6,-11.3,1.52,0.49,0.25,,63.3,,96.15,-2.67,8.06,0.44,4.87,84.88,100.0,,,0.93,1.06,97.35,30.97
UFCS,"United Fire Group, Inc",Financial Services,Insurance - Property & Casualty,61.3,HOLD,💰 Income,31.5,None,38.86,39.5,1.65,2.0,$992M,10.5,0.72,1.05,0.48,5.85,14.0,9.8,1.46,11.48,14.05,8.53,-112.49,22.0,,55.38,-4.36,0.17,0.45,1.95,67.8,95.0,206.0,14.29,2.71,0.68,32.19,20.72
HCSG,"Healthcare Services Group, Inc.",Healthcare,Medical Care Facilities,61.1,HOLD,💎 Deep Value,42.0,Weak,21.77,24.5,12.54,4.0,$1.5B,19.72,0.83,2.97,0.12,24.15,12.0,6.6,3.73,13.03,5.54,3.21,4.87,162.1,,138.44,-5.27,0.03,0.77,3.85,106.35,100.0,,,3.8,3.38,16.74,30.05
TBRG,"TruBridge, Inc.",Healthcare,Health Information Services,61.1,HOLD,—,51.5,Weak,19.29,22.67,17.52,6.0,$290M,8.4,0.83,1.55,,9.22,2.0,1.7,-5.63,52.81,9.01,1.03,11.05,,,8.01,-39.72,0.93,0.64,6.63,72.26,100.0,,,5.14,1.91,21.35,-9.65
AAPL,Apple Inc.,Technology,Consumer Electronics,61.0,HOLD,💰 Income,69.0,Narrow,264.18,293.07,10.94,41.0,$3.9T,28.41,8.91,44.04,1.79,25.52,152.0,15.7,7.45,47.33,35.37,27.04,2.74,15.9,,56.13,-8.47,1.03,1.11,0.91,65.18,100.0,39.0,13.04,24.38,0.97,242.92,8.75
FOR,Forestar Group Inc,Real Estate,Real Estate - Development,61.0,HOLD,—,32.0,None,28.72,33.0,14.9,4.0,$1.5B,8.51,0.87,0.82,,9.71,10.0,9.0,91.03,21.57,6.78,9.9,9.41,-6.7,,59.56,-6.57,0.45,1.44,3.02,36.34,100.0,,,4.25,1.17,24.98,14.97
KDP,Keurig Dr Pepper Inc.,Consumer Defensive,Beverages - Non-Alcoholic,60.9,HOLD,💰 Income,49.5,Weak,30.28,35.57,17.47,14.0,$41.1B,12.07,2.48,1.61,,13.29,8.0,10.5,2.29,54.2,22.63,12.52,2.76,,,20.97,-16.17,0.75,0.35,3.24,97.72,100.0,304.0,79.31,4.26,0.64,29.82,1.54
MLAB,"Mesa Laboratories, Inc.",Technology,Scientific & Technical Instruments,60.9,HOLD,💰 Income,46.5,Weak,96.57,104.5,8.21,2.0,$534M,17.92,2.16,2.86,,15.93,2.0,3.6,-2.25,62.4,12.25,1.51,6.9,,,74.16,-32.08,0.91,0.89,5.58,92.03,100.0,66.0,98.46,2.47,1.94,81.72,18.17
HPQ,HP Inc.,Technology,Computer Hardware,60.9,HOLD,⚠️ Below 200 DMA,44.3,Weak,18.99,19.99,5.27,16.0,$17.7B,6.32,0.32,-22.74,,5.64,,6.9,3.17,20.25,6.19,4.46,15.92,-3.5,,8.14,-39.58,,1.2,14.14,90.29,100.0,632.0,43.68,5.62,0.76,24.82,-23.49
ORCL,Oracle Corporation,Technology,Software - Infrastructure,60.8,HOLD,📈 Analyst Conviction · ⚠️ High Leverage · ⚠️ Below 200 DMA,57.0,Narrow,145.4,269.94,85.65,38.0,$417.9B,18.33,6.85,13.95,0.19,20.19,69.0,14.2,5.63,68.54,32.0,25.28,-2.44,94.7,,22.33,-57.94,4.33,1.63,1.97,44.32,100.0,138.0,35.71,6.86,0.91,220.63,-34.1
ROP,"Roper Technologies, Inc.",Technology,Software - Application,60.8,HOLD,📈 Analyst Conviction · 💰 Income · ⚠️ Below 200 DMA,59.0,Narrow,349.73,462.19,32.16,16.0,$37.6B,14.99,4.76,1.88,,14.44,8.0,9.7,7.15,69.24,28.58,19.44,5.63,-7.3,,11.71,-41.24,0.48,0.93,2.8,101.59,100.0,104.0,23.24,4.24,0.52,486.41,-28.1
CNI,Canadian National Railway Compa,Industrials,Railroads,60.8,HOLD,💰 Income,65.5,Narrow,112.19,109.34,-2.54,13.0,$68.7B,17.45,3.97,4.35,1.96,9.92,22.0,2.4,-5.41,56.67,42.41,27.28,3.47,8.9,,23.64,-0.26,1.0,0.86,,74.75,100.0,241.0,46.9,7.7,0.67,98.9,13.44
RIOT,"Riot Platforms, Inc.",Financial Services,Capital Markets,60.8,HOLD,🚀 Accel Growth · 📈 Analyst Conviction · ⚠️ High Beta,47.5,Weak,16.29,26.78,64.4,19.0,$6.1B,-409.61,9.51,1.72,,12.97,5.0,112.6,7.32,39.55,28.36,25.74,1.33,,,163.17,-31.94,0.25,3.59,13.84,75.47,100.0,,,3.08,1.47,14.56,11.88
TDY,Teledyne Technologies Incorpora,Technology,Scientific & Technical Instruments,60.7,HOLD,—,47.0,Weak,681.1,695.0,2.04,13.0,$32.0B,26.45,5.23,2.99,0.68,22.6,9.0,7.3,6.18,42.76,20.6,14.63,2.15,38.8,,62.55,-1.56,0.25,1.01,3.07,97.65,100.0,,,4.92,1.64,545.72,24.81
FIGS,"FIGS, Inc.",Consumer Cyclical,Apparel Manufacturing,60.6,HOLD,🚀 Accel Growth,47.0,Weak,15.45,14.5,-6.15,7.0,$2.5B,51.63,4.03,5.86,0.06,49.38,8.0,33.0,0.53,66.53,9.32,5.43,1.79,881.8,,333.38,-2.83,0.14,1.3,11.02,92.82,100.0,,,4.38,4.94,8.14,89.8
MKSI,MKS Inc.,Technology,Scientific & Technical Instruments,60.4,HOLD,—,38.0,Weak,244.46,292.5,19.65,12.0,$16.4B,20.53,4.18,6.04,1.17,22.57,12.0,10.6,4.18,46.73,14.23,7.5,3.26,17.6,,345.77,-9.43,1.65,1.94,6.04,106.42,100.0,41.0,20.14,3.98,2.71,140.48,74.02
JNJ,Johnson & Johnson,Healthcare,Drug Manufacturers - General,60.4,HOLD,💰 Income,73.0,Narrow,248.43,233.13,-6.16,24.0,$598.7B,19.8,6.36,7.34,0.4,18.56,35.0,9.1,9.59,68.08,23.97,28.46,2.78,49.1,,75.57,-0.2,0.6,0.35,0.86,75.7,100.0,209.0,46.6,8.68,1.03,187.88,32.23
TGNA,TEGNA Inc,Communication Services,Broadcasting,60.4,HOLD,💰 Income,52.5,Weak,20.95,21.67,3.44,3.0,$3.4B,6.94,1.17,1.08,,8.22,11.0,-19.3,-22.46,39.45,15.89,11.97,9.74,-74.8,,40.89,-1.87,0.83,0.14,7.46,97.0,100.0,239.0,23.92,5.33,2.22,19.03,10.09
AX,"Axos Financial, Inc.",Financial Services,Banks - Regional,60.4,HOLD,🚀 Accel Growth,40.0,Weak,86.82,112.0,29.0,6.0,$4.9B,8.77,3.88,1.68,0.39,,17.0,21.8,4.77,0.0,50.62,36.04,,22.6,,59.42,-14.82,,1.25,6.23,83.82,100.0,,,1.76,,84.53,2.71
KROS,"Keros Therapeutics, Inc.",Healthcare,Biotechnology,60.4,HOLD,🚀 Accel Growth,47.5,Weak,14.19,23.0,62.09,7.0,$432M,-3.65,1.75,0.82,,-5.09,10.0,3575.8,497.24,37.19,-107.87,26.12,11.46,,,55.59,-37.07,0.02,0.84,15.11,66.67,100.0,,,4.4,29.86,16.1,-11.86
TGT,Target Corporation,Consumer Defensive,Discount Stores,60.3,HOLD,💰 Income,44.5,Weak,113.79,107.28,-5.72,32.0,$51.7B,14.87,0.49,3.32,,8.45,25.0,-1.6,-18.45,27.81,4.63,3.58,5.02,-19.3,,36.37,-10.44,1.32,1.14,4.25,86.07,100.0,401.0,54.55,5.24,0.97,98.37,15.68
THR,"Thermon Group Holdings, Inc.",Industrials,Specialty Industrial Machinery,60.2,HOLD,—,48.5,Weak,50.78,54.67,7.66,3.0,$1.7B,22.47,3.2,3.1,,16.45,11.0,9.6,-1.76,45.56,18.09,11.26,2.66,-1.3,,120.3,-13.29,0.3,0.73,2.17,102.36,100.0,,,6.77,2.9,32.61,55.72
CVE,Cenovus Energy Inc,Energy,Oil & Gas Integrated,60.1,HOLD,💎 Deep Value · 💰 Income,42.5,Weak,22.31,20.86,-6.5,2.0,$42.1B,16.6,0.85,1.82,0.03,5.62,13.0,-15.1,-7.11,21.47,9.5,7.91,6.46,539.7,,118.08,-4.62,0.45,0.61,,55.82,100.0,263.0,36.28,4.61,1.57,16.67,33.83
ZBRA,Zebra Technologies Corporation,Technology,Communication Equipment,60.1,HOLD,📈 Analyst Conviction · ⚠️ Below 200 DMA,50.0,Weak,223.96,339.19,51.45,16.0,$11.3B,11.12,2.1,3.1,,13.8,12.0,10.6,0.92,48.05,15.05,7.76,5.8,-57.1,,8.86,-36.49,0.75,1.66,4.85,98.8,100.0,,,6.07,0.97,284.91,-21.39
FTNT,"Fortinet, Inc.",Technology,Software - Infrastructure,60.0,HOLD,—,76.0,Wide,79.03,89.82,13.65,33.0,$60.6B,23.85,8.91,47.44,,25.13,136.0,14.8,-1.81,80.46,32.77,27.26,2.88,-3.8,,12.71,-28.59,0.86,1.05,2.76,71.59,100.0,,,12.87,1.17,87.7,-9.89
NATR,"Nature's Sunshine Products, Inc",Consumer Defensive,Packaged Foods,60.0,HOLD,—,54.5,Weak,27.68,22.5,-18.71,2.0,$488M,27.68,1.03,3.03,1.22,10.62,9.0,12.0,-2.92,72.28,6.99,3.18,7.95,22.7,,151.41,-1.0,0.09,0.94,2.05,84.29,100.0,,,5.87,2.23,18.23,51.84
GE,GE Aerospace,Industrials,Aerospace & Defense,59.9,HOLD,💰 Income,51.5,Weak,342.26,361.11,5.51,18.0,$361.0B,40.14,7.87,19.22,1.19,34.45,45.0,17.6,22.62,31.5,19.55,18.98,1.44,33.8,,114.77,-1.78,1.14,1.38,1.48,80.78,100.0,55.0,17.89,4.68,1.04,285.87,19.73
DDS,"Dillard's, Inc.",Consumer Cyclical,Department Stores,59.9,HOLD,⭐ Compounder · 💰 Income · ⚠️ High Short,63.0,Narrow,602.79,519.67,-13.79,3.0,$9.4B,18.49,1.43,5.29,,10.25,32.0,-3.0,-25.13,40.32,10.39,8.69,5.34,-5.0,,113.57,-18.76,0.31,1.34,25.54,67.85,100.0,20.0,3.02,12.23,2.65,559.76,7.69
HAS,"Hasbro, Inc.",Consumer Cyclical,Leisure,59.8,HOLD,🚀 Accel Growth · ⚠️ High Leverage,49.5,Weak,99.59,113.71,14.18,14.0,$14.0B,15.96,2.97,25.96,,13.79,-36.0,31.3,-10.97,63.82,20.67,-6.86,3.11,,,103.24,-6.91,6.01,0.55,3.35,94.5,100.0,281.0,92.41,11.19,1.38,79.34,25.52
CSGS,"CSG Systems International, Inc.",Technology,Software - Infrastructure,59.8,HOLD,—,59.0,Narrow,79.9,80.7,1.0,3.0,$2.3B,14.61,1.86,7.76,,13.5,20.0,2.0,-6.17,49.03,13.03,4.57,9.37,-79.7,,46.2,-0.95,2.03,0.88,18.95,109.26,100.0,170.0,64.65,6.66,1.44,70.13,13.93
PLTK,Playtika Holding Corp.,Communication Services,Electronic Gaming & Multimedia,59.8,HOLD,⚠️ Below 200 DMA,55.4,Narrow,3.09,5.52,78.64,11.0,$1.2B,3.14,0.42,-2.89,,12.05,,4.4,7.03,72.47,-40.73,-7.49,22.5,,,3.34,-44.72,,,10.8,16.16,100.0,1297.0,166.67,0.02,1.1,4.03,-23.33
VLGEA,"Village Super Market, Inc.",Consumer Defensive,Grocery Stores,59.8,HOLD,💰 Income,36.0,Weak,39.15,,,,$578M,,0.25,1.15,,7.25,12.0,4.5,1.07,28.39,2.59,2.37,3.48,-6.3,,30.15,-2.49,0.66,0.5,2.75,66.3,100.0,255.0,26.6,4.55,1.17,36.12,8.39
EAT,"Brinker International, Inc.",Consumer Cyclical,Restaurants,59.7,HOLD,📈 Analyst Conviction · ⚠️ High Leverage,49.5,Weak,148.2,191.05,28.91,19.0,$6.6B,12.03,1.16,17.0,1.43,10.13,178.0,6.9,-5.33,18.68,11.6,7.98,4.61,8.4,,47.76,-20.8,4.65,1.34,12.8,114.56,100.0,,,13.87,0.36,150.49,-1.52
OII,"Oceaneering International, Inc.",Energy,Oil & Gas Equipment & Services,59.6,HOLD,⭐ Compounder · 💎 Deep Value,51.5,Weak,35.5,27.5,-22.54,4.0,$3.6B,16.67,1.28,3.29,0.08,9.12,39.0,-6.3,-2.14,20.42,9.78,12.71,6.13,216.7,,129.62,-8.97,0.81,1.21,6.4,102.86,100.0,,,7.61,1.99,24.4,45.49
DT,"Dynatrace, Inc.",Technology,Software - Application,59.6,HOLD,📈 Analyst Conviction · ⚠️ Below 200 DMA,60.5,Narrow,35.92,50.16,39.64,31.0,$10.8B,18.78,5.61,3.91,,35.58,7.0,18.2,10.94,81.75,14.11,9.55,4.36,-88.9,,9.41,-37.77,0.03,0.81,3.77,101.65,100.0,,,4.0,1.56,47.52,-24.41
RGCO,RGC Resources Inc.,Utilities,Utilities - Regulated Gas,59.4,HOLD,💰 Income,34.5,None,22.06,22.7,2.9,1.0,$229M,15.99,2.33,1.96,,12.78,11.0,10.9,-60.73,32.97,22.22,13.11,2.69,-7.3,,13.13,-7.39,1.34,0.52,0.77,41.83,100.0,379.0,66.4,3.37,0.8,21.66,1.85
FTI,TechnipFMC plc,Energy,Oil & Gas Equipment & Services,59.4,HOLD,⭐ Compounder · 💰 Income,61.5,Narrow,66.31,61.14,-7.8,21.0,$27.3B,19.14,2.74,7.9,2.39,14.74,30.0,6.3,7.07,21.96,12.5,9.7,4.05,8.0,,199.77,-1.84,0.39,0.73,4.3,102.14,100.0,30.0,9.01,8.64,1.13,41.64,59.25
AFRM,"Affirm Holdings, Inc.",Financial Services,Credit Services,59.3,HOLD,🚀 Accel Growth · 📈 Analyst Conviction · ⚠️ High Beta · ⚠️ High Leverage · ⚠️ Below 200 DMA,30.0,None,46.98,84.48,79.82,27.0,$15.6B,12.39,4.21,4.4,0.2,44.15,9.0,29.6,19.18,47.78,10.47,7.6,2.92,61.3,,52.03,-53.02,2.59,3.58,6.18,85.12,100.0,,,1.23,13.85,69.3,-32.21
EXPE,"Expedia Group, Inc.",Consumer Cyclical,Travel Services,59.2,HOLD,📈 Analyst Conviction · ⚠️ High Leverage,74.5,Narrow,215.69,281.59,30.55,34.0,$26.4B,9.46,1.79,20.58,,12.36,49.0,11.4,47.66,90.12,15.45,8.78,11.1,-31.4,,65.9,-29.0,2.55,1.38,6.89,103.25,100.0,78.0,16.31,5.77,0.73,220.23,-2.06
BSY,"Bentley Systems, Incorporated",Technology,Software - Application,59.2,HOLD,💰 Income · ⚠️ Below 200 DMA,66.5,Narrow,36.55,48.0,31.33,14.0,$11.1B,23.25,7.39,9.66,1.36,29.51,25.0,11.9,4.08,81.52,20.05,18.5,4.21,17.1,,18.04,-38.31,1.08,1.2,8.59,49.66,100.0,77.0,32.93,6.52,0.56,47.3,-22.73
CPB,The Campbell's Company,Consumer Defensive,Packaged Foods,59.1,HOLD,⚠️ High Short,40.0,Weak,26.95,31.56,17.11,18.0,$8.0B,10.43,0.79,2.03,,8.28,15.0,-3.4,-13.56,30.27,14.23,5.69,7.85,-11.0,,5.19,-38.54,1.85,-0.04,22.58,62.14,100.0,579.0,80.41,5.68,0.82,30.81,-12.53
ZETA,Zeta Global Holdings Corp.,Technology,Software - Infrastructure,59.0,HOLD,🚀 Accel Growth,52.0,Weak,16.95,29.08,71.56,12.0,$4.2B,14.27,3.19,5.16,,50.28,-4.0,25.4,-1.98,60.63,8.02,-2.41,8.23,-57.1,,58.56,-31.93,0.27,1.26,11.78,84.36,100.0,,,1.38,1.6,17.73,-4.4
UBER,"Uber Technologies, Inc.",Technology,Software - Application,58.9,HOLD,⭐ Compounder · 📈 Analyst Conviction,60.5,Narrow,75.42,104.47,38.52,52.0,$156.7B,17.59,3.01,5.77,,25.5,40.0,20.1,16.77,38.5,12.35,19.33,4.05,-95.7,,24.39,-26.05,0.44,1.21,2.66,85.13,100.0,,,6.15,1.14,88.53,-14.81
PFE,"Pfizer, Inc.",Healthcare,Drug Manufacturers - General,58.9,HOLD,💰 Income,61.3,Narrow,27.65,28.43,2.82,26.0,$157.2B,9.77,2.51,1.69,,7.96,9.0,-1.2,-17.51,75.81,24.63,12.42,,,,32.17,-1.04,0.67,0.44,2.58,67.71,100.0,622.0,126.47,,,25.01,10.56
HBB,Hamilton Beach Brands Holding C,Consumer Cyclical,"Furnishings, Fixtures & Appliances",58.9,HOLD,💰 Income,33.0,None,19.04,,,,$257M,11.9,0.42,1.4,,7.05,15.0,-0.3,-40.16,25.73,9.61,4.36,-2.41,-22.7,,49.69,-10.19,0.5,0.19,2.03,42.92,100.0,252.0,20.43,5.63,2.47,16.49,15.46
GM,General Motors Company,Consumer Cyclical,Auto Manufacturers,58.8,HOLD,—,25.5,None,78.71,94.62,20.21,24.0,$73.4B,5.67,0.4,1.16,,10.05,4.0,-5.1,10.38,10.72,6.54,1.46,11.66,,,89.21,-10.17,2.08,1.36,3.2,88.21,100.0,91.0,17.43,2.54,1.17,64.49,22.05
LXFR,Luxfer Holdings PLC,Industrials,Specialty Industrial Machinery,58.8,HOLD,💰 Income,41.0,Weak,12.87,17.0,32.09,1.0,$344M,10.21,0.89,1.51,,8.36,6.0,-12.3,0.58,23.19,7.72,2.0,8.13,,,36.77,-19.71,0.23,0.98,1.72,97.88,,404.0,86.67,6.03,1.67,13.13,-1.98
XOM,Exxon Mobil Corporation,Energy,Oil & Gas Integrated,58.7,HOLD,💰 Income,37.5,Weak,152.5,142.04,-6.86,24.0,$635.4B,18.26,1.96,2.46,,11.49,11.0,-1.3,2.8,31.05,9.53,8.9,1.92,-14.6,,55.93,-2.82,0.19,0.36,1.6,67.43,100.0,270.0,59.7,4.9,1.15,117.49,29.8
WCC,"WESCO International, Inc.",Industrials,Industrial Distribution,58.7,HOLD,💰 Income,24.5,None,289.5,314.08,8.49,12.0,$14.1B,15.84,0.6,2.8,,13.99,13.0,10.3,16.01,21.15,5.54,2.72,-0.07,-3.3,,131.21,-9.44,1.34,1.45,3.0,103.12,100.0,63.0,13.91,5.04,2.2,230.69,25.49
CDNS,"Cadence Design Systems, Inc.",Technology,Software - Application,58.6,HOLD,—,76.5,Wide,301.4,371.82,23.36,26.0,$82.2B,32.06,15.51,14.96,2.27,42.81,22.0,6.2,7.77,86.36,32.82,20.93,1.84,14.1,,36.04,-19.94,0.49,1.0,2.09,90.12,100.0,,,10.98,2.86,323.84,-6.93
JAZZ,Jazz Pharmaceuticals plc,Healthcare,Biotechnology,58.6,HOLD,—,60.5,Narrow,190.02,222.62,17.16,16.0,$11.7B,7.67,2.74,2.7,1.18,8.71,-8.0,10.1,25.42,91.67,24.64,-8.35,11.43,6.5,,98.99,-4.03,1.26,0.25,11.35,102.77,100.0,,,5.22,1.86,138.37,37.33
DG,Dollar General Corporation,Consumer Defensive,Discount Stores,58.5,HOLD,💎 Deep Value,37.0,Weak,156.24,147.39,-5.66,28.0,$34.4B,21.72,0.82,4.2,0.5,15.78,16.0,4.6,4.11,30.41,4.0,3.03,5.73,43.8,,123.17,-1.26,2.02,0.26,3.59,100.29,100.0,151.0,40.76,4.19,1.17,117.11,33.41
CAH,"Cardinal Health, Inc.",Healthcare,Medical Distribution,58.4,HOLD,—,40.7,Weak,229.23,248.8,8.54,15.0,$53.9B,19.8,0.22,-18.76,1.18,15.79,,18.8,16.64,3.69,1.23,0.68,10.09,16.8,,89.89,-0.68,,0.66,2.45,90.5,100.0,89.0,29.32,3.5,0.91,177.66,29.03
PINS,"Pinterest, Inc.",Communication Services,Internet Content & Information,58.3,HOLD,📈 Analyst Conviction · ⚠️ Below 200 DMA,69.5,Narrow,17.13,23.81,39.0,37.0,$11.6B,8.81,2.74,2.4,,26.63,9.0,14.3,22.72,80.07,22.83,9.87,8.79,-85.0,,23.77,-57.1,0.06,0.89,5.84,98.93,100.0,,,3.69,7.64,30.65,-44.11
GILT,Gilat Satellite Networks Ltd.,Technology,Communication Equipment,58.3,HOLD,🚀 Accel Growth,41.0,Weak,15.9,19.0,19.5,2.0,$1.2B,20.56,2.58,2.07,,18.21,5.0,75.3,34.36,29.52,9.46,4.59,6.4,-25.3,,200.0,-21.98,0.02,0.8,4.93,68.14,,,,2.5,1.84,11.32,40.46
BIIB,Biogen Inc.,Healthcare,Drug Manufacturers - General,58.3,HOLD,—,61.0,Narrow,191.82,205.67,7.22,30.0,$28.2B,11.81,2.85,1.54,,8.6,7.0,-7.1,4.27,78.95,19.64,13.07,7.04,,,74.32,-5.23,0.36,0.16,4.0,97.55,100.0,,,6.14,2.68,152.51,25.78
CATY,Cathay General Bancorp,Financial Services,Banks - Regional,58.2,HOLD,🚀 Accel Growth,34.0,None,49.71,54.8,10.24,5.0,$3.4B,8.69,4.54,1.14,0.67,,11.0,19.6,5.43,0.0,61.76,42.28,,12.9,,37.85,-9.6,,0.85,4.33,75.2,100.0,282.0,29.96,1.33,,48.08,3.39
SNAP,Snap Inc.,Communication Services,Internet Content & Information,58.2,HOLD,💎 Deep Value · 📈 Analyst Conviction · ⚠️ Below 200 DMA,34.0,None,5.21,7.98,53.17,36.0,$8.8B,8.68,1.48,3.91,0.02,-27.14,-19.0,10.2,10.54,54.99,2.9,-7.76,5.17,396.7,,12.04,-49.95,1.82,0.8,8.37,53.99,100.0,,,-4.26,3.56,7.85,-33.63
PPC,Pilgrim's Pride Corporation,Consumer Defensive,Packaged Foods,58.1,HOLD,⭐ Compounder,47.0,Weak,43.16,45.0,4.26,7.0,$10.3B,10.42,0.55,2.79,,5.73,27.0,3.3,6.64,12.75,8.31,5.85,6.15,-62.7,,20.79,-24.12,0.91,0.43,2.65,20.05,100.0,,,10.77,1.47,42.76,0.94
CCJ,Cameco Corporation,Energy,Uranium,58.0,HOLD,💰 Income,36.5,Weak,118.4,125.9,6.33,9.0,$51.6B,63.97,14.82,10.2,1.36,56.37,9.0,1.5,-22.15,36.28,13.63,16.93,0.93,46.9,,238.29,-12.45,0.15,1.1,,68.44,,15.0,17.78,3.59,2.47,86.58,36.75
DNOW,DNOW Inc.,Industrials,Industrial Distribution,57.8,HOLD,🚀 Accel Growth,23.5,None,11.78,16.0,35.82,2.0,$2.2B,12.02,0.78,0.98,,15.5,-5.0,68.0,9.98,21.74,1.15,-3.16,-32.45,,,1.99,-32.61,0.27,0.76,5.45,102.25,100.0,,,2.68,2.34,14.62,-19.43
ESTC,Elastic N.V.,Technology,Software - Application,57.8,HOLD,📈 Analyst Conviction · ⚠️ Below 200 DMA,41.5,Weak,52.07,82.79,59.0,24.0,$5.5B,18.02,3.3,6.86,,-289.22,-10.0,17.7,8.69,76.07,0.23,-5.04,7.0,,,4.35,-55.11,0.75,0.95,4.81,88.57,100.0,,,-0.72,1.82,80.33,-35.18
PFS,"Provident Financial Services, I",Financial Services,Banks - Regional,57.8,HOLD,—,34.0,None,21.04,25.0,18.82,5.0,$2.7B,8.31,3.17,0.97,0.12,,11.0,15.2,30.77,0.0,54.46,33.59,,71.9,,46.72,-12.26,,0.85,4.87,73.88,100.0,456.0,43.05,1.19,,19.31,8.96
AMPH,"Amphastar Pharmaceuticals, Inc.",Healthcare,Drug Manufacturers - Specialty & Generic,57.8,HOLD,⚠️ Below 200 DMA,40.5,Weak,20.23,29.0,43.35,7.0,$941M,5.8,1.31,1.17,,6.55,13.0,-1.8,-6.49,49.46,6.83,13.63,4.5,-35.7,,2.02,-35.28,0.83,,16.46,75.58,100.0,,,5.47,4.02,25.96,-22.07
BHE,"Benchmark Electronics, Inc.",Technology,Electronic Components,57.7,HOLD,💰 Income,30.5,None,57.81,59.33,2.63,3.0,$2.1B,20.21,0.78,1.87,,15.1,2.0,7.2,-2.22,10.16,3.29,0.94,6.29,-63.2,,88.12,-5.42,0.3,1.02,5.21,105.18,100.0,118.0,100.0,2.81,2.28,43.02,34.38
POWW,Outdoor Holding Company,Industrials,Aerospace & Defense,57.7,HOLD,—,54.0,Weak,2.13,2.65,24.41,2.0,$250M,,5.43,1.05,,-14.93,-11.0,53.2,128.43,95.39,14.71,-32.0,11.53,,,97.22,-2.74,0.05,1.23,3.56,51.99,100.0,,,-5.38,4.0,1.59,33.96
PLXS,Plexus Corp.,Technology,Electronic Components,57.7,HOLD,—,31.0,None,194.13,200.8,3.44,5.0,$5.2B,22.6,1.26,3.5,2.15,17.91,13.0,9.6,7.98,9.98,5.07,4.28,0.61,10.5,,87.69,-8.36,0.13,0.8,6.16,103.35,100.0,,,4.19,1.59,148.32,30.89
DIS,Walt Disney Company (The),Communication Services,Entertainment,57.5,HOLD,💰 Income,47.0,Weak,106.04,130.57,23.13,28.0,$188.0B,14.42,1.96,1.74,,12.14,12.0,5.2,-4.9,37.28,15.36,12.8,1.69,-6.0,,32.38,-14.96,0.41,1.42,1.3,77.09,100.0,141.0,18.41,4.37,0.67,113.3,-6.41
ELA,Envela Corporation,Consumer Cyclical,Luxury Goods,57.5,HOLD,—,36.5,Weak,13.46,13.0,-3.42,2.0,$349M,38.46,1.67,5.72,0.39,24.38,18.0,22.4,13.57,23.25,7.32,4.89,1.53,99.2,,163.92,-10.92,0.38,0.25,2.36,18.06,100.0,,,9.26,5.19,9.09,48.07
JD,"JD.com, Inc.",Consumer Cyclical,Internet Retail,57.5,HOLD,📈 Analyst Conviction · 💰 Income,19.0,None,26.53,40.35,52.09,35.0,$39.1B,8.73,0.03,1.1,,2.34,12.0,14.9,2.79,9.52,-0.41,2.47,-34.36,-55.0,,0.49,-42.88,0.37,0.41,1.8,13.22,,377.0,34.2,1.62,1.2,31.48,-15.72
COR,"Cencora, Inc.",Healthcare,Medical Distribution,57.5,HOLD,⚠️ High Leverage,44.0,Weak,372.14,403.79,8.5,14.0,$72.4B,18.96,0.22,37.93,1.31,16.27,133.0,5.5,10.97,3.61,1.18,0.5,4.78,14.5,,49.7,-1.43,4.73,0.69,3.13,96.86,100.0,64.0,27.01,3.33,0.92,320.31,16.18
TENB,"Tenable Holdings, Inc.",Technology,Software - Infrastructure,57.5,HOLD,📈 Analyst Conviction · ⚠️ Below 200 DMA,48.5,Weak,19.23,30.95,60.95,19.0,$2.3B,9.24,2.3,6.98,,39.66,-10.0,10.5,4.91,78.09,4.76,-3.61,12.09,,,11.28,-50.48,1.27,0.65,6.63,98.23,100.0,,,0.57,0.95,28.36,-32.19
TEAM,Atlassian Corporation,Technology,Software - Application,57.4,HOLD,🚀 Accel Growth · 📈 Analyst Conviction · ⚠️ Below 200 DMA,41.5,Weak,75.13,177.85,136.72,30.0,$19.8B,13.63,3.44,12.54,,-846.71,-13.0,23.3,5.59,84.06,-3.01,-3.28,7.69,,,10.73,-73.85,0.76,0.88,5.89,94.64,100.0,,,-1.39,0.89,164.28,-54.27
BKH,Black Hills Corporation,Utilities,Utilities - Regulated Gas,57.3,HOLD,💰 Income,41.0,Weak,73.66,80.5,9.29,4.0,$5.6B,16.01,2.41,1.45,2.29,12.44,8.0,6.4,-46.57,38.47,26.22,12.62,-5.02,7.0,,34.12,-2.91,1.2,0.74,13.38,97.79,100.0,382.0,67.94,3.19,1.35,64.01,15.08
BCRX,"BioCryst Pharmaceuticals, Inc.",Healthcare,Drug Manufacturers - Specialty & Generic,57.3,HOLD,🚀 Accel Growth,69.3,Narrow,8.75,21.3,143.43,10.0,$2.2B,10.94,3.65,-4.75,,25.61,,36.1,24.19,68.43,18.57,-1.46,2.89,,,45.83,-22.63,,0.79,15.96,86.03,100.0,,,10.31,1.87,8.06,8.56
FET,"Forum Energy Technologies, Inc.",Energy,Oil & Gas Equipment & Services,57.3,HOLD,—,35.0,Weak,58.03,64.0,10.29,1.0,$691M,18.66,0.87,2.23,,14.21,-3.0,0.6,-0.62,27.67,6.03,-1.22,13.06,,,354.07,-8.73,0.47,0.59,1.55,74.44,100.0,,,1.52,2.17,29.22,98.6
SLB,SLB Limited,Energy,Oil & Gas Equipment & Services,57.2,HOLD,💰 Income,41.5,Weak,51.34,55.3,7.71,28.0,$76.8B,15.42,2.15,2.94,,11.15,14.0,5.0,5.16,18.69,15.99,9.45,3.19,-24.7,,65.03,-2.02,0.46,0.7,4.06,87.43,100.0,230.0,48.51,6.77,1.33,37.91,35.43
GIS,"General Mills, Inc.",Consumer Defensive,Packaged Foods,57.2,HOLD,💰 Income,60.5,Narrow,45.23,48.16,6.48,19.0,$24.1B,12.99,1.29,2.59,,10.5,27.0,-7.2,-6.71,33.83,17.87,13.51,10.27,-48.1,,5.7,-32.84,1.47,-0.06,8.11,88.14,100.0,539.0,52.04,5.68,0.66,48.98,-7.66
MCK,McKesson Corporation,Healthcare,Medical Distribution,57.2,HOLD,💎 Deep Value,35.7,Weak,987.37,980.4,-0.71,15.0,$121.9B,22.33,0.31,-93.56,0.64,21.58,,11.4,13.57,3.45,1.55,1.09,7.52,34.9,,58.77,0.0,,0.41,1.52,91.36,100.0,33.0,8.83,4.33,0.88,776.06,27.23
HIMS,"Hims & Hers Health, Inc.",Healthcare,Drug Manufacturers - Specialty & Generic,57.1,HOLD,🚀 Accel Growth · ⚠️ High Short · ⚠️ High Beta · ⚠️ Below 200 DMA,51.5,Weak,14.52,20.19,39.05,12.0,$3.3B,9.68,1.41,6.1,,21.93,25.0,28.4,2.21,73.83,2.72,5.47,3.34,-20.8,,5.68,-79.38,2.07,2.47,44.12,85.74,100.0,,,5.29,1.9,44.12,-67.09
KVUE,Kenvue Inc.,Consumer Defensive,Household & Personal Products,57.0,HOLD,💰 Income,60.0,Narrow,19.12,19.75,3.29,12.0,$36.6B,15.94,2.42,3.4,1.27,13.65,14.0,3.2,4.83,58.37,17.83,9.72,4.94,12.6,,36.38,-24.04,0.81,0.55,3.16,96.15,100.0,434.0,108.55,6.61,0.96,18.95,0.9
BAP,Credicorp Ltd.,Financial Services,Banks - Regional,56.8,HOLD,—,44.0,Weak,346.38,345.13,-0.36,13.0,$27.5B,10.77,1.31,2.45,0.26,,19.0,10.5,16.95,0.0,43.39,33.08,,40.9,,109.28,-8.9,,0.84,1.96,80.63,,318.0,46.86,2.71,,264.76,30.83
SPOT,Spotify Technology S.A.,Communication Services,Internet Content & Information,56.8,HOLD,📈 Analyst Conviction,55.5,Narrow,514.94,648.86,26.01,39.0,$106.0B,26.79,6.17,10.77,0.12,44.47,32.0,6.8,1.96,31.98,15.47,12.87,0.64,219.9,,27.15,-34.4,0.23,1.67,4.31,68.61,,,,10.17,1.73,634.97,-18.9
TCMD,"Tactile Systems Technology, Inc",Healthcare,Medical Devices,56.8,HOLD,—,63.5,Narrow,29.29,38.0,29.74,4.0,$657M,19.79,1.99,3.0,2.11,16.42,9.0,21.0,39.97,75.91,18.12,5.79,5.26,9.4,,240.19,-22.45,0.07,0.97,9.43,99.29,100.0,,,6.4,4.03,18.28,60.23
PINE,"Alpine Income Property Trust, I",Real Estate,REIT - Retail,56.7,HOLD,🚀 Accel Growth · 💰 Income,45.0,Weak,19.72,20.68,4.87,11.0,$322M,50.56,5.31,1.04,,15.81,-1.0,22.5,2.51,85.54,34.31,-4.39,-26.0,,,50.53,-5.19,1.3,0.58,2.71,59.95,100.0,586.0,1400.0,1.67,2.08,15.76,25.13
ZVRA,"Zevra Therapeutics, Inc.",Healthcare,Biotechnology,56.6,HOLD,🚀 Accel Growth,61.5,Narrow,8.93,22.54,152.41,8.0,$503M,14.4,5.96,3.77,,-15.49,35.0,605.4,114.9,80.65,15.9,41.86,-5.98,,,44.26,-32.14,0.47,0.92,8.86,68.33,,,,-7.84,8.62,9.41,-5.1
SAM,"Boston Beer Company, Inc. (The)",Consumer Defensive,Beverages - Brewers,56.5,HOLD,—,49.0,Weak,226.78,237.44,4.7,14.0,$2.5B,19.6,1.26,2.75,,8.8,12.0,-4.1,46.15,48.48,-8.42,5.52,7.72,,,22.36,-12.78,0.05,1.02,15.53,91.91,100.0,,,7.77,1.65,213.73,6.11
HTO,H2O America,Utilities,Utilities - Regulated Water,56.4,HOLD,💰 Income,48.8,Weak,53.79,61.0,13.4,4.0,$1.9B,18.61,2.41,1.26,,12.7,7.0,-1.8,-25.53,57.03,18.12,12.81,,-29.2,,22.95,-5.91,1.28,0.48,5.07,91.76,100.0,327.0,52.37,2.39,0.7,50.26,7.02
MELI,"MercadoLibre, Inc.",Consumer Cyclical,Internet Retail,56.4,HOLD,🚀 Accel Growth · 📈 Analyst Conviction · ⚠️ Below 200 DMA,51.0,Weak,1757.58,2718.54,54.68,26.0,$89.1B,22.05,3.08,13.2,,23.44,36.0,44.6,24.84,50.68,10.15,6.91,-2.76,-12.5,,6.25,-33.56,1.69,1.45,1.53,82.56,100.0,,,5.9,1.17,2256.88,-22.12
GEHC,GE HealthCare Technologies Inc.,Healthcare,Medical Devices,56.4,HOLD,⭐ Compounder · 💰 Income,58.0,Narrow,84.27,93.25,10.66,20.0,$38.4B,15.14,1.86,3.7,,12.24,22.0,7.1,7.68,39.98,15.73,10.1,4.39,-18.3,,46.18,-6.13,0.99,1.23,2.9,93.46,100.0,17.0,3.08,5.47,1.37,76.73,9.83
GAU,Galiano Gold Inc.,Basic Materials,Gold,56.4,HOLD,—,36.0,Weak,3.52,4.25,20.74,1.0,$914M,4.65,2.78,4.18,0.0,10.08,-13.0,-2.6,50.74,39.21,-105.72,-8.92,6.14,1678.6,,252.0,0.0,0.17,1.23,0.74,76.72,100.0,,,3.83,0.92,2.18,61.47
WOOF,Petco Health and Wellness Compa,Consumer Cyclical,Specialty Retail,56.4,HOLD,⚠️ High Leverage,35.5,Weak,2.55,3.42,34.12,11.0,$717M,11.61,0.12,0.62,,11.01,-0.0,-3.1,-4.1,38.57,1.99,-0.04,17.75,,,11.84,-43.4,2.57,1.75,16.61,122.93,100.0,,,1.38,0.91,3.15,-19.05
SNPS,"Synopsys, Inc.",Technology,Software - Infrastructure,56.2,HOLD,🚀 Accel Growth · 📈 Analyst Conviction,47.5,Weak,414.0,538.92,30.17,25.0,$79.2B,24.26,9.89,2.59,,54.47,6.0,65.5,19.54,82.02,13.34,13.76,3.91,-78.0,,13.2,-36.48,0.36,1.13,2.3,90.84,100.0,,,2.04,1.36,495.63,-16.47
NOW,"ServiceNow, Inc.",Technology,Software - Application,56.1,HOLD,🚀 Accel Growth · 📈 Analyst Conviction · ⚠️ Below 200 DMA,67.5,Narrow,108.01,190.55,76.42,40.0,$114.0B,21.56,8.58,8.73,4.9,39.85,15.0,20.7,10.33,77.53,16.51,13.16,4.34,4.4,,10.21,-48.93,0.19,0.98,2.61,89.62,100.0,,,5.39,1.0,171.66,-37.08
MPWR,"Monolithic Power Systems, Inc.",Technology,Semiconductors,56.1,HOLD,🚀 Accel Growth,69.3,Narrow,1142.74,1328.29,16.24,14.0,$55.7B,44.21,19.95,14.96,,68.89,18.0,20.8,6.9,55.18,26.88,22.07,,-88.3,,160.39,-9.03,,1.46,5.05,102.38,100.0,70.0,48.94,11.67,5.91,898.23,27.22
SOFI,"SoFi Technologies, Inc.",Financial Services,Credit Services,56.1,HOLD,🚀 Accel Growth · 📈 Analyst Conviction · ⚠️ High Beta · ⚠️ Below 200 DMA,51.2,Weak,17.76,26.5,49.21,19.0,$22.6B,22.49,6.32,2.15,,,6.0,40.2,24.6,83.0,18.18,13.43,,-47.8,,106.51,-45.74,0.18,2.18,9.78,56.06,100.0,,,1.11,1.18,23.4,-24.1
VPG,"Vishay Precision Group, Inc.",Technology,Scientific & Technical Instruments,56.1,HOLD,—,37.5,Weak,46.07,52.0,12.87,3.0,$612M,29.47,1.99,1.82,,21.56,2.0,10.9,3.45,38.95,2.29,1.72,2.45,,,148.09,-18.1,0.13,0.85,8.0,101.23,100.0,,,1.44,4.47,33.97,35.62
BRZE,"Braze, Inc.",Technology,Software - Application,55.9,HOLD,🚀 Accel Growth · 📈 Analyst Conviction · ⚠️ Below 200 DMA,40.5,Weak,18.99,44.15,132.49,20.0,$2.3B,29.82,3.36,3.52,,-16.06,-22.0,25.5,12.29,68.13,-19.41,-16.86,7.09,,,24.44,-56.73,0.14,1.06,9.45,75.6,100.0,,,-8.38,1.36,28.22,-32.71
S,"SentinelOne, Inc.",Technology,Software - Infrastructure,55.9,HOLD,🚀 Accel Growth · 📈 Analyst Conviction · ⚠️ Below 200 DMA,49.5,Weak,13.12,20.71,57.85,33.0,$4.5B,43.76,4.67,2.88,,-13.95,-26.0,22.9,7.39,74.69,-26.4,-43.04,5.55,,,7.23,-38.69,0.01,0.77,7.36,82.06,100.0,,,-8.09,1.52,16.76,-21.72
TXN,Texas Instruments Incorporated,Technology,Semiconductors,55.8,HOLD,💰 Income,67.5,Narrow,212.11,221.55,4.45,32.0,$192.7B,26.82,10.9,11.82,,25.25,30.0,10.4,16.54,57.02,33.37,28.28,-0.17,-3.5,,51.56,-8.3,0.91,0.99,3.01,91.65,100.0,268.0,100.92,10.87,4.35,189.6,11.87
ETSY,"Etsy, Inc.",Consumer Cyclical,Internet Retail,55.8,HOLD,⚠️ High Short,77.1,Wide,54.88,61.73,12.48,26.0,$5.4B,9.27,1.89,-4.85,,16.18,,3.5,-21.06,71.64,14.68,5.65,9.51,-14.8,,37.03,-28.28,,1.76,21.23,120.95,100.0,,,8.77,1.44,58.39,-6.01
OTIS,Otis Worldwide Corporation,Industrials,Specialty Industrial Machinery,55.6,HOLD,—,56.4,Narrow,92.56,101.92,10.11,13.0,$36.1B,19.15,2.5,-6.69,1.74,17.06,,3.3,10.15,30.59,15.65,9.59,4.42,11.0,,10.19,-13.36,,1.01,3.53,93.24,100.0,182.0,47.14,13.52,0.85,91.12,1.58
UCB,"United Community Banks, Inc.",Financial Services,Banks - Regional,55.6,HOLD,—,36.0,Weak,32.17,37.33,16.04,6.0,$3.8B,9.97,3.79,1.07,0.71,,9.0,10.5,11.51,0.0,45.79,32.35,,14.1,,40.3,-12.51,,0.84,3.87,88.07,100.0,311.0,37.4,1.18,,31.42,2.39
NESR,National Energy Services Reunit,Energy,Oil & Gas Equipment & Services,55.6,HOLD,🚀 Accel Growth,26.0,None,25.05,28.86,15.21,7.0,$2.5B,10.3,1.91,2.61,,11.38,5.0,15.9,-4.75,12.44,7.7,3.86,3.76,-70.9,,381.73,-6.7,0.34,0.23,3.86,64.11,,,,3.39,1.04,11.78,112.65
OFG,OFG Bancorp,Financial Services,Banks - Regional,55.6,HOLD,—,44.0,Weak,40.08,44.4,10.78,5.0,$1.7B,8.8,2.77,1.25,0.8,,16.0,-0.0,2.73,0.0,33.12,32.87,,11.0,,20.9,-13.08,,0.75,3.46,97.51,100.0,312.0,26.2,1.71,,42.03,-4.64
CMP,Compass Minerals Intl Inc,Basic Materials,Other Industrial Metals & Mining,55.6,HOLD,⚠️ High Leverage,36.0,Weak,25.2,23.0,-8.73,4.0,$1.1B,25.48,0.7,4.05,,7.07,17.0,-25.0,-54.0,21.31,0.99,-12.47,19.82,,,193.02,-6.67,3.19,1.57,7.23,74.95,100.0,,,4.77,2.72,20.13,25.19
DAKT,"Daktronics, Inc.",Technology,Electronic Components,55.6,HOLD,—,40.0,Weak,25.78,30.0,16.37,2.0,$1.3B,21.31,1.63,4.22,,15.18,3.0,10.0,46.46,26.85,9.41,0.96,4.77,-18.3,,151.76,-8.81,0.04,1.72,2.51,73.23,100.0,,,6.36,2.23,18.91,36.33
VRSN,"VeriSign, Inc.",Technology,Software - Infrastructure,55.6,HOLD,—,85.7,Wide,227.94,276.5,21.3,4.0,$21.1B,22.39,12.76,-9.72,2.91,19.2,,7.6,4.18,88.15,66.96,49.84,3.9,7.7,,9.14,-26.61,,0.75,2.65,90.69,100.0,142.0,26.22,51.28,0.49,262.0,-13.0
DGICA,"Donegal Group, Inc.",Financial Services,Insurance - Property & Casualty,55.5,HOLD,💰 Income,41.2,Weak,17.62,20.75,17.76,2.0,$646M,9.04,0.66,1.01,,6.03,13.0,-3.9,-1.12,10.17,8.87,8.11,,-28.4,,6.79,-16.57,0.05,0.01,3.12,88.2,100.0,414.0,29.1,2.62,0.48,19.05,-7.51
BH,Biglari Holdings Inc.,Consumer Cyclical,Restaurants,55.5,HOLD,—,39.0,Weak,387.78,,,,$1.2B,-52.05,3.14,0.41,,3.41,0.0,10.3,10.43,38.28,9.12,0.54,2.58,,,98.81,-19.81,0.6,0.69,,94.12,100.0,,,1.54,2.83,327.45,18.42
OC,Owens Corning Inc,Industrials,Building Products & Equipment,55.4,HOLD,💰 Income,27.0,None,122.07,141.88,16.23,16.0,$10.2B,10.26,1.01,2.54,,6.72,-4.0,-16.8,-3.27,28.52,7.66,-5.17,7.01,,,25.16,-23.43,1.47,1.35,4.46,102.5,100.0,242.0,31.58,7.41,1.26,131.59,-7.23
HOMB,"Home BancShares, Inc.",Financial Services,Banks - Regional,55.2,HOLD,—,42.0,Weak,27.46,33.38,21.56,8.0,$5.4B,10.39,5.05,1.25,0.59,,12.0,8.8,4.65,0.0,56.7,44.44,,17.6,,13.38,-10.93,,0.77,6.05,74.61,100.0,299.0,34.26,2.1,,28.5,-3.65
UNFI,"United Natural Foods, Inc.",Consumer Defensive,Food Distribution,55.2,HOLD,—,25.0,None,38.21,41.12,7.62,8.0,$2.3B,13.77,0.07,1.5,,11.06,-6.0,-0.4,-5.66,13.43,0.83,-0.32,20.75,,,83.88,-11.73,2.24,1.01,7.4,96.94,100.0,,,1.63,1.38,32.22,18.59
TAP,Molson Coors Beverage Company,Consumer Defensive,Beverages - Brewers,55.1,HOLD,💰 Income,44.5,Weak,48.99,48.19,-1.63,21.0,$9.7B,9.64,0.87,0.91,,6.37,-18.0,-2.7,29.05,38.37,13.56,-19.2,7.23,-17.2,,14.09,-24.23,0.62,0.49,15.23,98.26,100.0,392.0,35.9,4.29,0.55,48.8,0.39
CRCL,"Circle Internet Group, Inc.",Financial Services,Capital Markets,55.1,HOLD,🚀 Accel Growth · 📈 Analyst Conviction · ⚠️ Below 200 DMA,18.8,None,83.44,124.56,49.28,20.0,$21.2B,34.2,7.73,5.95,0.01,-207.35,-3.0,76.9,51.15,8.67,7.17,-2.53,,4191.3,,67.21,-72.09,0.01,,11.41,61.13,100.0,,,-0.1,1.03,120.91,-30.99
CVX,Chevron Corporation,Energy,Oil & Gas Integrated,55.0,HOLD,💰 Income,42.5,Weak,186.76,183.46,-1.77,24.0,$373.4B,20.4,2.02,1.98,,11.13,7.0,-8.2,-8.19,41.9,9.46,6.66,3.54,-14.5,,41.44,-0.61,0.24,0.67,1.17,67.84,100.0,381.0,103.17,3.79,1.16,155.48,20.12
CAG,"ConAgra Brands, Inc.",Consumer Defensive,Packaged Foods,54.8,HOLD,💰 Income,40.0,Weak,19.25,19.11,-0.73,17.0,$9.2B,10.69,0.82,1.14,,9.26,-1.0,-6.8,-7.34,24.62,11.41,-0.87,8.55,,,20.61,-32.5,0.94,-0.02,8.69,87.15,100.0,727.0,79.1,4.4,0.89,19.01,1.26
LINC,Lincoln Educational Services Co,Consumer Defensive,Education & Training Services,54.7,HOLD,🚀 Accel Growth,36.5,Weak,36.24,37.2,2.65,5.0,$1.1B,35.53,2.21,5.74,0.41,26.53,11.0,19.7,-2.43,60.37,11.81,3.86,-3.65,85.8,,157.02,-0.74,1.02,0.98,3.45,85.79,100.0,,,3.9,0.86,22.92,58.12
IOT,Samsara Inc.,Technology,Software - Infrastructure,54.7,HOLD,🚀 Accel Growth · 📈 Analyst Conviction · ⚠️ Below 200 DMA,42.0,Weak,28.9,44.84,55.16,21.0,$16.7B,49.71,10.97,12.79,,-228.69,-4.0,29.2,13.05,76.99,-0.41,-2.78,1.69,,,23.61,-40.6,0.06,1.61,10.26,96.62,100.0,,,-2.36,1.56,37.27,-22.46
BABA,Alibaba Group Holding Limited,Consumer Cyclical,Internet Retail,54.6,HOLD,📈 Analyst Conviction · 💰 Income,29.5,None,144.11,199.8,38.64,41.0,$344.0B,16.35,0.34,2.22,,16.73,11.0,4.8,-11.6,41.17,2.16,12.19,-14.38,-52.3,,50.54,-25.2,0.27,0.39,1.96,11.84,,73.0,14.4,4.03,1.46,145.09,-0.68
ICLR,ICON plc,Healthcare,Diagnostics & Research,54.6,HOLD,⚠️ Below 200 DMA,41.0,Weak,108.14,148.57,37.39,14.0,$8.4B,8.54,1.04,0.88,,7.46,6.0,0.6,-1.16,28.16,12.67,7.4,11.0,-98.8,,62.45,-48.75,0.38,1.29,2.64,108.01,,,,4.2,1.06,163.61,-33.9
AMZN,"Amazon.com, Inc.",Consumer Cyclical,Internet Retail,54.5,HOLD,📈 Analyst Conviction,56.5,Narrow,210.0,280.47,33.56,62.0,$2.3T,22.49,3.14,5.48,3.81,15.85,22.0,13.6,15.74,50.29,10.53,10.83,1.06,5.9,,30.13,-18.79,0.43,1.39,0.9,67.21,100.0,,,6.93,1.05,224.35,-6.4
MO,"Altria Group, Inc.",Consumer Defensive,Tobacco,54.5,HOLD,—,91.4,Wide,69.04,64.42,-6.69,12.0,$115.9B,11.9,5.75,-33.0,,10.87,,-0.5,3.6,72.31,57.08,34.49,6.33,-63.2,,30.71,-2.08,,0.5,2.79,63.59,100.0,614.0,100.97,21.93,0.65,61.69,11.91
IDN,"Intellicheck, Inc.",Technology,Software - Application,54.4,HOLD,🚀 Accel Growth,32.2,None,4.86,8.0,64.61,4.0,$98M,54.0,4.47,5.19,,154.72,1.0,27.7,-13.71,90.33,3.96,0.95,-0.13,,,123.96,-35.03,,1.14,1.2,58.06,100.0,,,0.16,2.28,5.39,-9.83
SHOP,Shopify Inc.,Technology,Software - Application,54.4,HOLD,🚀 Accel Growth · 📈 Analyst Conviction · ⚠️ High Beta,44.5,Weak,120.73,161.58,33.84,45.0,$157.6B,52.68,13.63,11.68,,78.69,10.0,30.6,20.51,48.07,20.29,10.65,0.82,-42.5,,72.87,-33.73,0.01,2.82,1.18,73.48,100.0,,,8.15,5.96,139.19,-13.26
PSTL,"Postal Realty Trust, Inc.",Real Estate,REIT - Office,54.3,HOLD,🚀 Accel Growth · 💰 Income,58.0,Narrow,20.73,21.21,2.32,6.0,$695M,85.96,7.25,1.95,27.73,18.62,5.0,21.7,9.28,78.05,36.63,14.77,5.75,3.1,,69.09,-1.89,1.01,0.74,11.07,72.65,100.0,469.0,197.45,2.99,1.52,15.65,32.46
FUBO,fuboTV Inc.,Communication Services,Broadcasting,54.3,HOLD,🚀 Accel Growth · ⚠️ High Beta · ⚠️ Below 200 DMA,13.3,None,1.17,3.44,194.02,4.0,$413M,11.21,0.08,1.49,,,-8.0,40.0,-9.39,2.48,-1.31,-2.55,,,,1.74,-75.21,0.16,2.08,14.88,45.07,100.0,,,,0.84,3.21,-63.55
TDOC,"Teladoc Health, Inc.",Healthcare,Health Information Services,54.3,HOLD,📈 Analyst Conviction · ⚠️ High Beta · ⚠️ Below 200 DMA,36.5,Weak,5.26,7.51,42.78,22.0,$934M,-6.0,0.37,0.68,,5.91,-14.0,0.3,-1.34,69.5,-4.2,-7.92,25.41,,,19.55,-47.06,0.74,2.14,19.25,75.71,100.0,,,-3.2,2.77,7.33,-28.24
CHRW,"C.H. Robinson Worldwide, Inc.",Industrials,Integrated Freight & Logistics,54.2,HOLD,💰 Income,45.5,Weak,185.25,193.52,4.46,25.0,$22.0B,25.88,1.35,11.89,,26.52,33.0,-6.5,2.23,8.55,5.07,3.62,3.38,-8.7,,118.76,-8.9,0.76,0.9,7.13,102.82,100.0,136.0,51.55,10.04,1.53,136.04,36.17
MSI,"Motorola Solutions, Inc.",Technology,Communication Equipment,54.2,HOLD,⚠️ High Leverage,71.5,Narrow,482.26,502.0,4.09,10.0,$80.3B,26.57,6.88,33.16,4.29,25.12,104.0,12.3,19.03,51.8,27.81,18.44,2.49,6.2,,34.2,-2.02,4.02,1.0,1.61,88.03,100.0,100.0,35.14,11.4,1.04,422.96,14.02
MDB,"MongoDB, Inc.",Technology,Software - Infrastructure,54.2,HOLD,🚀 Accel Growth · 📈 Analyst Conviction,42.0,Weak,328.47,446.61,35.97,35.0,$26.7B,57.61,11.54,9.25,,-186.23,-3.0,18.7,7.84,71.62,-2.93,-3.06,1.29,,,133.32,-26.14,0.02,1.39,4.73,91.95,100.0,,,-2.84,5.25,304.97,7.71
ANGO,"AngioDynamics, Inc.",Healthcare,Medical Instruments & Supplies,54.0,HOLD,—,37.5,Weak,11.44,19.33,68.97,3.0,$472M,-104.0,1.53,2.7,,-2944.53,-15.0,9.0,5.15,54.58,-3.14,-9.02,0.06,,,38.33,-18.23,0.07,0.5,4.39,96.33,100.0,,,-4.6,2.24,10.82,5.73
WMT,Walmart Inc.,Consumer Defensive,Discount Stores,53.9,HOLD,💰 Income,35.5,Weak,127.95,135.9,6.21,41.0,$1.0T,38.88,1.43,10.24,,24.51,22.0,5.6,-1.75,24.93,4.57,3.07,0.76,-19.4,,60.32,-5.0,0.63,0.67,1.3,38.82,100.0,77.0,34.43,6.87,0.79,106.03,20.67
UNH,UnitedHealth Group Incorporated,Healthcare,Healthcare Plans,53.7,HOLD,💰 Income,35.0,Weak,293.27,364.62,24.33,24.0,$265.7B,14.64,0.59,2.67,,13.67,13.0,12.3,10.72,18.53,0.34,2.69,6.0,-99.8,,25.01,-51.63,0.77,0.41,1.52,84.43,100.0,301.0,65.99,3.9,0.79,315.43,-7.03
BILL,"BILL Holdings, Inc.",Technology,Software - Application,53.5,HOLD,📈 Analyst Conviction,37.0,Weak,44.51,57.86,29.99,22.0,$4.5B,16.55,2.87,1.17,,-1790.59,-1.0,14.4,10.48,83.56,-4.26,-1.56,2.75,,,25.53,-22.2,0.5,1.26,15.95,111.94,100.0,,,-0.51,1.65,47.84,-6.96
GHC,Graham Holdings Company,Consumer Defensive,Education & Training Services,53.4,HOLD,💰 Income,36.0,Weak,1053.21,995.0,-5.53,1.0,$4.6B,15.99,0.94,0.96,,9.81,6.0,0.4,9.69,29.93,6.55,5.95,5.08,-80.2,,20.28,-14.01,0.3,0.76,5.59,83.27,100.0,71.0,10.83,2.92,1.75,1049.61,0.34
CNM,"Core & Main, Inc.",Industrials,Industrial Distribution,53.2,HOLD,—,49.0,Weak,54.16,61.06,12.74,16.0,$10.7B,21.01,1.38,5.2,7.0,13.72,24.0,1.2,23.26,26.82,10.67,5.6,4.5,3.0,,25.44,-19.38,1.2,0.98,4.9,112.32,100.0,,,7.27,2.27,56.05,-3.37
IRWD,"Ironwood Pharmaceuticals, Inc.",Healthcare,Drug Manufacturers - Specialty & Generic,53.2,HOLD,—,76.4,Wide,3.42,6.1,78.36,4.0,$556M,2.35,1.88,-2.12,,7.76,,-47.3,-5.86,67.88,13.73,8.11,,,,545.28,-40.83,,0.19,10.39,95.76,100.0,,,19.88,1.13,2.15,59.07
CYH,"Community Health Systems, Inc.",Healthcare,Medical Care Facilities,53.0,HOLD,⚠️ High Beta,53.6,Weak,3.46,3.6,4.05,7.0,$485M,-95.58,0.04,-0.33,,8.16,,-4.9,-4.04,41.72,9.21,4.08,81.53,,,54.46,-22.6,,2.12,8.29,78.48,100.0,,,4.96,1.47,3.28,5.49
GTN,"Gray Media, Inc.",Communication Services,Broadcasting,53.0,HOLD,—,35.0,Weak,5.19,6.8,31.02,5.0,$581M,-34.6,0.19,0.25,,10.22,-3.0,-24.2,-26.12,24.59,14.65,-2.75,48.13,,,65.81,-17.75,2.07,0.9,6.0,86.99,100.0,617.0,74.42,2.45,1.27,4.87,6.57
HOOD,"Robinhood Markets, Inc.",Financial Services,Capital Markets,53.0,HOLD,📈 Analyst Conviction · ⚠️ High Beta · ⚠️ Below 200 DMA,70.0,Narrow,75.85,130.1,71.52,21.0,$68.3B,27.1,15.27,7.48,,,22.0,26.5,37.43,92.38,46.53,42.1,,-34.0,,155.73,-50.7,1.36,2.44,4.43,74.45,100.0,,,5.85,1.13,106.92,-29.06
GTLB,GitLab Inc.,Technology,Software - Infrastructure,52.9,HOLD,🚀 Accel Growth · 📈 Analyst Conviction · ⚠️ Below 200 DMA,43.9,Weak,26.3,47.58,80.91,26.0,$4.4B,25.61,4.89,4.8,,-43.84,-6.0,24.6,11.6,88.01,-5.06,-5.13,6.59,,,12.15,-59.17,,0.75,7.85,92.23,100.0,,,-3.42,2.66,42.51,-38.13
DBI,Designer Brands Inc.,Consumer Cyclical,Footwear & Accessories,52.9,HOLD,💎 Deep Value · ⚠️ High Short · ⚠️ High Leverage,35.0,Weak,7.12,7.25,1.83,2.0,$353M,16.76,0.12,1.18,0.42,17.82,-8.0,-3.2,3.67,42.88,5.68,-0.92,27.04,40.0,,228.11,-18.63,4.3,1.08,52.08,88.78,100.0,281.0,500.0,0.93,1.27,4.56,56.14
FICO,Fair Isaac Corporation,Technology,Software - Application,52.6,HOLD,🚀 Accel Growth · 📈 Analyst Conviction,81.4,Wide,1409.36,1971.29,39.87,19.0,$33.4B,26.42,16.21,-18.52,6.95,36.28,,16.4,3.41,82.86,45.72,31.89,1.71,3.8,,18.13,-36.45,,1.27,6.73,91.22,100.0,,,34.76,0.93,1620.79,-13.04
KHC,The Kraft Heinz Company,Consumer Defensive,Packaged Foods,52.6,HOLD,💰 Income,46.0,Weak,24.61,25.13,2.11,19.0,$29.1B,11.46,1.17,0.7,,8.27,-13.0,-3.4,3.97,33.32,17.49,-23.44,9.53,-69.5,,11.94,-26.21,0.52,0.05,9.02,62.92,100.0,650.0,73.06,3.5,1.15,25.7,-4.24
ABNB,"Airbnb, Inc.",Consumer Cyclical,Travel Services,52.5,HOLD,⭐ Compounder,75.0,Wide,135.11,144.31,6.81,36.0,$81.0B,23.23,6.62,9.92,,28.07,30.0,12.0,80.24,82.96,9.68,20.51,4.37,-26.0,,35.27,-6.66,0.28,1.14,3.65,86.39,100.0,,,7.37,1.38,128.59,5.07
DDOG,"Datadog, Inc.",Technology,Software - Application,52.4,HOLD,🚀 Accel Growth · 📈 Analyst Conviction,40.5,Weak,111.96,182.43,62.94,43.0,$39.5B,42.34,11.52,10.58,20.16,4818.51,3.0,29.2,16.3,79.98,1.0,3.14,2.23,2.1,,37.16,-44.49,0.34,1.29,2.78,90.39,100.0,,,-0.43,3.38,138.8,-19.34
PRK,Park National Corporation,Financial Services,Banks - Regional,52.3,HOLD,—,40.0,Weak,164.53,181.5,10.31,2.0,$3.0B,13.45,5.45,1.96,1.29,,14.0,7.6,4.96,0.0,38.77,33.0,,10.4,,19.25,-8.33,,0.71,2.22,49.43,100.0,262.0,38.52,1.84,,163.75,0.48
IMO,Imperial Oil Limited,Energy,Oil & Gas Integrated,52.2,HOLD,💰 Income,34.0,None,117.3,78.06,-33.45,1.0,$58.5B,21.12,1.25,3.48,,8.52,14.0,-10.3,-9.09,17.32,5.36,6.97,7.04,-59.8,,99.63,-5.04,0.19,0.96,14.42,29.05,100.0,220.0,44.44,7.11,1.27,89.83,30.58
OZK,Bank OZK,Financial Services,Banks - Regional,52.1,HOLD,—,42.0,Weak,46.56,53.78,15.51,9.0,$5.2B,7.18,3.35,0.89,,,12.0,4.0,3.81,0.0,58.56,46.0,,-3.4,,30.38,-13.23,,0.93,15.16,96.56,100.0,382.0,27.42,1.81,,48.27,-3.54
COST,Costco Wholesale Corporation,Consumer Defensive,Discount Stores,52.0,HOLD,💰 Income,48.5,Weak,1010.79,1049.53,3.83,32.0,$448.7B,45.33,1.6,14.81,4.01,33.5,30.0,8.3,35.2,12.88,3.66,2.96,1.6,11.3,,19.75,-5.28,0.27,1.01,1.58,72.6,100.0,51.0,27.1,8.52,1.04,951.38,6.24
ZS,"Zscaler, Inc.",Technology,Software - Infrastructure,51.9,HOLD,🚀 Accel Growth · 📈 Analyst Conviction · ⚠️ Below 200 DMA,36.3,Weak,146.99,241.82,64.51,44.0,$23.4B,31.99,7.81,10.75,,-353.79,-4.0,25.9,11.01,76.63,-6.35,-2.25,4.02,,,4.57,-56.38,0.85,,6.9,57.98,100.0,,,-1.48,1.9,265.9,-44.72
LHX,"L3Harris Technologies, Inc.",Industrials,Aerospace & Defense,51.9,HOLD,💰 Income,39.5,Weak,364.54,388.11,6.47,19.0,$68.2B,26.78,3.12,3.47,,19.52,8.0,2.3,10.27,25.73,12.87,7.35,4.0,-33.8,,86.26,-1.37,0.61,0.64,1.24,89.34,100.0,137.0,56.27,4.23,1.19,287.01,27.01
DE,Deere & Company,Industrials,Farm & Heavy Construction Machinery,51.8,HOLD,—,42.5,Weak,629.71,665.33,5.66,22.0,$170.7B,27.27,3.65,6.47,,26.55,20.0,13.0,42.62,26.25,9.27,10.3,2.46,-24.5,,55.71,-6.6,2.4,1.0,2.34,82.75,100.0,103.0,35.03,3.96,2.25,500.68,25.77
CAT,"Caterpillar, Inc.",Industrials,Farm & Heavy Construction Machinery,51.5,HOLD,—,48.0,Weak,742.83,725.52,-2.33,26.0,$347.6B,26.97,5.14,16.21,,27.24,44.0,18.0,23.78,28.79,16.03,13.14,1.68,-13.9,,177.9,-5.95,2.07,1.55,2.15,72.44,100.0,81.0,31.05,7.89,1.44,507.19,46.46
XPEV,XPeng Inc.,Consumer Cyclical,Auto Manufacturers,51.5,HOLD,🚀 Accel Growth · 📈 Analyst Conviction,8.8,None,17.56,26.88,53.08,27.0,$17.1B,41.43,0.24,3.83,,-7.74,-9.0,101.8,13.47,17.28,-3.32,-4.04,,,,8.87,-37.81,0.58,1.2,5.15,10.99,,,,-3.0,1.12,20.27,-13.37
ALKS,Alkermes plc,Healthcare,Drug Manufacturers - Specialty & Generic,51.2,HOLD,📈 Analyst Conviction,61.5,Narrow,30.1,43.65,45.02,17.0,$5.0B,13.8,3.37,2.74,,16.0,15.0,-10.6,-9.15,86.69,15.11,16.37,-7.31,-66.3,,19.59,-17.13,0.04,0.46,15.65,110.37,100.0,,,6.99,3.55,29.9,0.67
UPST,"Upstart Holdings, Inc.",Financial Services,Credit Services,51.1,HOLD,📈 Analyst Conviction · ⚠️ High Short · ⚠️ High Beta · ⚠️ Below 200 DMA,32.5,None,27.23,50.67,86.08,15.0,$2.7B,8.76,2.48,3.34,,39.44,7.0,34.4,29.87,82.48,8.88,4.98,-10.32,,,1.6,-68.81,2.37,2.39,27.3,68.69,100.0,,,1.74,13.1,53.8,-49.39
CRWD,"CrowdStrike Holdings, Inc.",Technology,Software - Infrastructure,51.1,HOLD,🚀 Accel Growth · 📈 Analyst Conviction · ⚠️ Below 200 DMA,40.0,Weak,371.98,523.38,40.7,47.0,$93.8B,76.95,20.54,23.35,,-957.49,-9.0,22.2,10.43,74.28,-5.59,-6.88,1.51,,,24.83,-34.38,0.2,1.03,3.04,75.73,100.0,,,-2.0,1.81,469.75,-20.81
CTRN,"Citi Trends, Inc.",Consumer Cyclical,Apparel Retail,50.9,HOLD,⚠️ High Beta,25.5,None,47.38,57.0,20.3,2.0,$395M,54.15,0.49,3.5,,42.14,-14.0,10.1,-9.67,39.31,-3.73,-2.05,7.8,,,181.69,-4.28,2.02,2.09,8.7,96.27,100.0,,,-0.68,1.07,36.67,29.21
VREX,Varex Imaging Corporation,Healthcare,Medical Devices,50.9,HOLD,—,19.5,None,13.17,18.4,39.71,5.0,$552M,12.91,0.65,1.16,,8.66,-13.0,4.9,7.52,34.15,7.35,-7.92,-2.84,,,94.82,-9.58,0.82,0.88,3.36,98.62,100.0,,,3.62,3.89,10.9,20.83
NKE,"Nike, Inc.",Consumer Cyclical,Footwear & Accessories,50.7,HOLD,💰 Income,41.0,Weak,62.18,76.15,22.47,33.0,$92.1B,26.87,1.98,6.53,,24.94,18.0,0.6,4.0,41.13,8.09,5.43,2.8,-31.9,,18.94,-23.2,0.8,1.28,4.27,83.23,100.0,264.0,94.15,5.02,2.06,67.45,-7.81
WMG,Warner Music Group Corp.,Communication Services,Entertainment,50.5,HOLD,📈 Analyst Conviction · ⚠️ High Leverage,60.0,Narrow,28.6,37.44,30.91,18.0,$14.9B,16.24,2.17,20.71,,12.76,40.0,10.4,25.88,45.87,17.77,4.43,4.89,-25.4,,11.89,-18.15,5.56,1.24,6.8,106.36,100.0,266.0,129.82,7.12,0.7,30.15,-5.14
BNTX,BioNTech SE,Healthcare,Biotechnology,50.4,HOLD,🚀 Accel Growth · 📈 Analyst Conviction,31.5,None,110.23,139.51,26.56,19.0,$27.7B,-41.82,8.77,1.21,,-26.13,-3.0,22.0,-78.08,82.49,-2.17,-18.13,-2.33,,,35.75,-11.1,0.01,1.51,4.59,20.22,,,,-2.3,7.12,104.63,5.35
BKKT,"Bakkt, Inc.",Technology,Software - Infrastructure,50.4,HOLD,🚀 Accel Growth · ⚠️ High Short · ⚠️ High Beta · ⚠️ Below 200 DMA,10.5,None,9.56,40.0,318.41,1.0,$246M,9.96,0.06,1.38,,-2.72,-68.0,27.1,-67.85,-1.32,-4.89,-1.06,-3.01,,,40.38,-80.8,0.1,5.94,27.78,26.98,100.0,,,-6.1,2.24,16.21,-41.02
CERS,Cerus Corporation,Healthcare,Medical Devices,50.3,HOLD,—,23.5,None,2.56,4.67,82.42,3.0,$492M,-102.4,2.47,8.0,,-63.04,-27.0,14.5,3.22,55.18,2.34,-8.01,0.54,,,128.57,-13.51,1.58,1.53,5.32,74.57,100.0,,,-2.93,1.89,1.67,53.29
ADM,Archer-Daniels-Midland Company,Consumer Defensive,Farm Products,49.9,HOLD,💰 Income,29.0,None,69.04,60.73,-12.04,11.0,$33.2B,14.81,0.41,1.46,,16.75,5.0,-13.7,0.98,6.27,1.82,1.34,6.46,-19.6,,68.47,-1.5,0.42,0.68,3.62,87.99,100.0,301.0,91.48,1.71,1.36,59.01,17.0
MPX,Marine Products Corporation,Consumer Cyclical,Recreational Vehicles,49.6,HOLD,—,16.7,None,7.59,,,,$266M,15.18,1.09,2.13,,12.94,9.0,35.0,41.57,19.14,5.79,4.66,1.01,-44.6,,1.34,-24.7,,1.06,2.65,16.25,100.0,738.0,175.0,5.51,5.37,8.72,-12.96
CFLT,"Confluent, Inc.",Technology,Software - Infrastructure,49.6,HOLD,🚀 Accel Growth,35.5,Weak,30.67,30.89,0.72,19.0,$11.0B,46.22,9.4,9.34,,-29.64,-28.0,20.5,10.11,74.29,-27.53,-25.31,1.92,,,96.1,-6.01,0.95,0.95,9.89,90.55,100.0,,,-8.09,3.83,24.35,25.95
FISV,"Fiserv, Inc.",Unknown,Unknown,49.4,HOLD,⚠️ Below 200 DMA,,None,62.29,77.08,23.74,26.0,$33.9B,6.88,,1.29,,,,2.59,5.05,,,,,,,7.79,-73.89,,,,,100.0,,,,,113.24,-44.99
ASST,"Strive, Inc.",Financial Services,Asset Management,49.4,HOLD,⚠️ High Short · ⚠️ Below 200 DMA,21.0,None,7.94,30.0,277.83,1.0,$501M,-13.23,90.82,0.34,,-3.61,,56.8,,0.0,-3064.29,0.0,,,,13.11,-97.04,0.0,,20.87,20.75,100.0,,,,11.97,61.89,-87.17
TYL,"Tyler Technologies, Inc.",Technology,Software - Application,49.1,HOLD,⚠️ Below 200 DMA,44.0,Weak,354.69,439.9,24.02,21.0,$15.3B,25.0,6.58,4.13,50.0,34.02,9.0,6.3,10.16,46.46,13.16,13.53,3.28,0.5,,25.01,-43.39,0.17,0.9,4.69,101.2,100.0,,,4.14,1.05,502.15,-29.37
INTC,Intel Corporation,Technology,Semiconductors,48.4,HOLD,—,24.0,None,45.61,47.12,3.31,41.0,$227.8B,46.02,4.31,1.99,,19.76,0.0,-4.1,7.78,36.56,5.14,-0.5,-1.98,,,158.12,-16.47,0.37,1.38,2.36,61.99,100.0,,,0.28,2.02,32.35,40.99
CPNG,"Coupang, Inc.",Consumer Cyclical,Internet Retail,48.3,HOLD,📈 Analyst Conviction · ⚠️ Below 200 DMA,21.1,None,19.08,27.45,43.87,17.0,$34.9B,32.44,1.01,7.52,,33.53,5.0,10.9,7.02,29.37,-0.19,0.6,1.01,,,13.98,-44.01,1.0,,2.85,85.92,100.0,,,1.79,1.04,27.3,-30.11
NET,"Cloudflare, Inc.",Technology,Software - Infrastructure,48.2,HOLD,🚀 Accel Growth · 📈 Analyst Conviction,26.5,None,172.19,231.3,34.33,31.0,$60.6B,119.17,27.95,41.52,,-5290.35,-8.0,33.6,11.39,74.51,-7.66,-4.72,0.7,,,92.56,-33.77,2.41,1.98,3.08,89.84,100.0,,,-2.69,1.98,196.88,-12.54
PSKY,Paramount Skydance Corporation,Communication Services,Entertainment,48.2,HOLD,💰 Income,23.5,None,13.51,13.23,-2.07,13.0,$14.9B,14.46,0.52,1.3,,10.54,-1.0,2.1,6.85,31.83,-0.65,-2.15,106.28,,,35.78,-35.23,1.17,1.21,4.77,28.26,100.0,148.0,666.67,2.63,1.26,13.88,-2.67
SNOW,Snowflake Inc.,Technology,Software - Application,47.4,HOLD,🚀 Accel Growth · 📈 Analyst Conviction · ⚠️ Below 200 DMA,30.0,None,168.41,242.06,43.73,47.0,$57.6B,70.08,12.3,29.96,,-50.75,-54.0,30.1,16.03,67.06,-24.42,-28.43,3.06,,,40.22,-40.0,1.42,1.15,3.91,78.03,100.0,,,-9.16,1.3,218.39,-22.89
COIN,"Coinbase Global, Inc. - 3",Financial Services,Financial Data & Stock Exchanges,47.1,HOLD,📈 Analyst Conviction · ⚠️ High Beta · ⚠️ Below 200 DMA,45.5,Weak,175.85,250.9,42.68,29.0,$47.4B,29.47,6.89,3.18,,25.55,10.0,-22.2,-8.14,85.18,11.3,18.31,2.74,,,26.18,-60.45,0.53,3.7,13.51,69.11,100.0,,,3.55,2.34,288.21,-38.99
NIO,NIO Inc.,Consumer Cyclical,Auto Manufacturers,46.5,HOLD,🚀 Accel Growth · 📈 Analyst Conviction,2.9,None,4.87,6.52,33.88,24.0,$12.3B,-10.16,0.17,22.1,,-1.85,-160.0,16.7,-3.53,11.27,-14.8,-31.46,,,,61.26,-39.28,2.29,1.12,7.69,14.77,,,,-11.91,0.94,5.24,-7.06
LUMN,"Lumen Technologies, Inc.",Communication Services,Telecom Services,46.4,HOLD,—,20.7,None,7.11,7.73,8.72,11.0,$7.3B,-25.8,0.59,-6.53,,10.27,,-8.7,-7.12,46.48,-5.99,-14.02,-80.89,,,136.21,-40.5,,1.54,6.8,71.69,100.0,,,-0.56,1.8,6.41,10.92
FBIO,"Fortress Biotech, Inc.",Healthcare,Biotechnology,46.1,HOLD,🚀 Accel Growth,7.0,None,3.42,10.75,214.33,2.0,$106M,-1.94,1.7,1.9,,-1.22,-205.0,20.5,8.55,31.99,-38.63,6.4,-50.27,,,157.14,-24.5,1.05,1.42,17.38,18.92,100.0,,,-34.25,2.19,2.72,25.74
CIEN,Ciena Corporation,Technology,Communication Equipment,45.8,HOLD,—,39.5,Weak,348.7,246.94,-29.18,16.0,$49.3B,50.41,10.34,18.02,,109.58,4.0,20.3,13.72,42.04,8.76,2.59,1.35,-47.4,,608.6,-4.7,0.6,1.15,6.26,99.43,100.0,,,3.38,2.73,160.73,116.95
CLOV,"Clover Health Investments, Corp",Healthcare,Healthcare Plans,45.1,HOLD,⚠️ Below 200 DMA,0.6,None,2.09,3.15,50.72,3.0,$1.1B,19.0,0.56,3.51,,-11.5,-26.0,44.7,41.74,18.5,-10.11,-4.45,-12.92,,,7.73,-48.27,,,9.95,30.02,100.0,,,-9.53,1.47,2.75,-24.0
F,Ford Motor Company,Consumer Cyclical,Auto Manufacturers,44.8,HOLD,⚠️ High Leverage,10.5,None,14.09,13.97,-0.85,19.0,$56.2B,7.74,0.3,1.56,,35.89,-20.0,-4.8,24.29,5.81,-6.69,-4.37,3.13,,,66.94,-4.8,4.61,1.67,4.84,68.18,100.0,426.0,64.1,-0.13,1.07,12.24,15.11
WKHS,"Workhorse Group, Inc.",Consumer Cyclical,Auto Manufacturers,44.5,HOLD,🚀 Accel Growth · ⚠️ Below 200 DMA,,None,3.37,,,,$30M,-1.88,3.76,-0.48,,-3.42,,272.12,194.53,-84.99,-419.81,0.0,,,,2.12,-94.99,,,4.27,0.93,100.0,,,,0.35,12.28,-72.56
W,Wayfair Inc.,Consumer Cyclical,Internet Retail,44.5,HOLD,📈 Analyst Conviction · ⚠️ High Short · ⚠️ High Beta,25.0,None,76.33,105.41,38.1,29.0,$10.0B,20.92,0.8,-3.58,,62.12,,6.9,14.18,30.22,2.07,-2.51,3.84,,,273.98,-36.38,,3.37,25.01,114.8,100.0,,,1.63,0.94,80.8,-5.53
TSLA,"Tesla, Inc.",Consumer Cyclical,Auto Manufacturers,43.6,SELL,—,16.0,None,402.51,421.73,4.78,40.0,$1.5T,143.53,15.93,18.38,,141.08,5.0,-3.1,45.31,18.03,4.7,4.0,0.25,-60.5,,87.87,-19.31,0.18,1.89,1.94,44.56,100.0,,,2.1,2.16,390.66,3.03
LI,Li Auto Inc.,Consumer Cyclical,Auto Manufacturers,43.5,SELL,📈 Analyst Conviction · ⚠️ Below 200 DMA,16.0,None,17.59,23.6,34.17,28.0,$17.8B,23.19,0.14,1.68,,-5.84,7.0,-36.2,-31.68,19.42,-4.3,3.63,-61.85,,,11.97,-45.07,0.24,0.6,5.73,4.01,,,,1.49,1.8,22.71,-22.55
LCID,"Lucid Group, Inc.",Consumer Cyclical,Auto Manufacturers,42.0,SELL,🚀 Accel Growth · ⚠️ High Short · ⚠️ Below 200 DMA,8.0,None,10.0,15.17,51.7,9.0,$3.2B,-2.16,2.39,4.56,,-2.34,-66.0,122.9,10.64,-92.81,-203.69,-199.3,-74.1,,,9.65,-70.33,1.07,1.11,43.81,73.28,100.0,,,-24.27,1.25,18.3,-45.36
EB,"Eventbrite, Inc.",Communication Services,Internet Content & Information,39.7,SELL,—,24.0,None,4.42,3.0,-32.13,1.0,$444M,-126.29,1.51,2.02,,-16.28,-6.0,-7.8,-4.85,67.68,-1.26,-3.64,-17.02,,,144.2,-1.34,0.93,1.38,4.5,80.33,100.0,,,-1.61,1.12,3.09,43.04
AI,"C3.ai, Inc.",Technology,Software - Infrastructure,39.6,SELL,⚠️ High Short · ⚠️ Below 200 DMA,28.0,None,7.95,9.45,18.87,11.0,$1.1B,-9.37,3.64,1.57,,-1.24,-55.0,-46.1,-28.87,43.48,-263.63,-141.35,1.52,,,2.85,-73.71,0.08,2.0,31.74,59.72,100.0,,,-29.88,6.58,18.12,-56.13
MRNA,"Moderna, Inc.",Healthcare,Biotechnology,37.3,SELL,⚠️ High Short,12.5,None,53.57,42.25,-21.13,20.0,$20.9B,-11.65,10.77,2.44,,-5.83,-29.0,-29.8,-85.67,-105.76,-126.4,-145.16,-6.34,,,140.44,-2.95,0.15,1.34,22.2,77.47,100.0,,,-14.51,3.29,30.42,76.1
RIVN,"Rivian Automotive, Inc.",Consumer Cyclical,Auto Manufacturers,34.9,SELL,—,5.0,None,15.33,18.04,17.68,24.0,$19.0B,-8.04,3.53,4.16,,-6.49,-65.0,-25.8,25.65,2.67,-64.77,-67.68,-4.18,,,47.97,-32.44,1.13,1.77,13.38,46.25,100.0,,,-14.8,2.33,14.94,2.61
